zip,pop,pop_dens,med_house_inc,latitude,longitude,estCustAffected,duration_hours,cause_1,cause_2,cause_3,cause_4,cause_5,cause_6,cause_7,cause_8,cause_9
93202,4143,5342.0,40484.0,36.229021,-119.710422,15,1.4141388888888886,6,0,2,0,0,2,0,0,0
93203,20938,98.0,33147.0,35.07129693181816,-118.84127909090915,688,16.591565656565653,4,1,0,0,0,0,0,0,6
93204,15529,260.0,28794.0,35.971874444444445,-120.14597222222223,9,1.2542901234567898,6,0,2,0,0,1,0,0,0
93206,2300,15.0,43355.0,35.375085433789955,-119.392584303653,12,2.9009722222222223,9,2,0,0,0,1,0,0,0
93210,19504,25.0,47088.0,36.14673944646098,-120.3631271262041,224,2.4358187134502933,9,0,5,0,0,4,0,0,0
93212,26079,246.0,33756.0,36.07190920265781,-119.57413249169433,256,4.772083333333333,6,4,0,0,0,2,0,0,0
93224,451,20.0,60114.0,35.24615333333332,-119.61160666666666,16,8.724166666666667,2,1,0,0,0,0,0,0,0
93230,65264,249.0,52611.0,36.2532320053476,-119.61547173796794,254,4.514368686868687,3,2,5,0,0,1,0,0,0
93234,6987,87.0,23238.0,36.213266,-120.06055066666666,10,7.142500000000001,3,0,4,0,0,0,0,0,0
93239,1688,26.0,41912.0,36.01448,-119.96702000000002,1,1.5030555555555556,0,0,1,0,0,0,0,0,0
93241,17489,4240.0,32490.0,35.26289778359645,-118.9355648533069,463,2.6022988505747127,17,2,3,0,1,5,0,0,0
93242,3468,84.0,41325.0,36.43927450000001,-119.7110018333333,111,2.2079861111111105,7,1,0,0,0,4,0,0,0
93243,1699,11.0,64611.0,34.859903402777796,-118.88486979166666,2137,14.507222222222218,2,0,5,0,0,1,0,0,10
93245,37412,317.0,51850.0,36.29438875,-119.79455812499997,115,4.333715277777778,7,4,1,1,0,2,0,0,0
93249,2739,12.0,32768.0,35.68261,-119.84220875000001,69,1.895138888888889,6,0,0,0,0,1,0,0,0
93250,13522,160.0,35616.0,35.69125904761904,-119.26431428571429,423,1.1909325396825399,10,3,0,0,0,1,0,0,0
93251,270,2.0,38750.0,35.410897181818186,-119.64699573426574,93,3.066888888888889,2,0,0,0,0,2,0,0,0
93252,4176,6.0,31550.0,34.90183181818182,-119.55357090909094,10,3.4988888888888887,1,0,0,0,0,0,0,0,0
93254,811,6.0,37679.0,34.96557500000001,-119.6758675,980,3.3325694444444443,2,1,0,0,0,0,0,0,0
93256,5753,72.0,27305.0,35.99477,-119.43755999999998,2,1.498333333333333,2,0,0,0,0,0,0,0,0
93263,19582,216.0,41448.0,35.543935833333336,-119.29997000000003,163,2.554421296296297,13,3,3,0,1,3,0,0,0
93266,1587,28.0,28700.0,36.03515384615387,-119.73185628205131,3,8.108425925925927,1,1,0,0,0,1,0,0,0
93268,16897,403.0,45024.0,35.12979161490683,-119.45706839751554,3168,2.0770893719806764,17,0,2,0,0,3,0,0,0
93274,69721,326.0,44775.0,36.14717504240165,-119.50423083616,136,7.5770833333333325,1,2,0,0,0,1,0,0,0
93280,27152,84.0,39038.0,35.59061541666667,-119.50839583333335,12,3.332314814814815,1,0,1,0,0,0,0,0,0
93286,9548,112.0,39783.0,36.48761441176471,-119.12982029411762,91,2.0124264705882355,6,0,27,0,0,1,0,0,0
93287,119,2.0,58125.0,35.6478925,-118.823375,5,1.2527083333333335,0,0,4,0,0,0,0,0,0
93292,39032,359.0,53507.0,36.45265,-119.17705352941176,20,0.8019281045751634,0,0,17,0,0,0,0,0,0
93301,12248,2929.0,31721.0,35.3996754054054,-119.02410175675672,4548,2.118652402402401,45,5,3,1,0,14,0,0,1
93304,48731,6416.0,35059.0,35.3173058996851,-119.01812885290147,1370,1.7509722222222222,54,1,11,1,0,6,0,0,0
93305,37601,6336.0,31179.0,35.38609043599999,-118.95952455599999,7085,2.6154822222222225,67,12,16,3,0,20,0,0,1
93306,64587,733.0,54126.0,35.45849550032917,-118.85018655694532,61,15.058293650793653,4,0,1,0,0,2,0,0,6
93307,82658,595.0,33711.0,35.23667141666665,-118.80797805952382,66,8.416194444444445,3,0,0,0,0,3,0,0,3
93308,52447,166.0,42543.0,35.586175999999966,-118.940414,291,22.483000000000004,1,0,2,0,0,1,0,0,6
93309,58409,5487.0,47593.0,35.33612646002007,-119.07037420327315,8506,1.9640700483091798,37,4,5,0,0,15,0,0,0
93311,40829,241.0,86026.0,35.12078166666668,-119.14669999999997,134,7.779166666666668,0,2,2,0,0,1,0,0,1
93312,56741,3729.0,90495.0,35.4162485,-119.10926941666669,289,2.407152777777778,9,0,5,0,0,6,0,0,0
93313,43553,437.0,61226.0,35.16878013621794,-119.02842592788464,742,4.027083333333333,8,1,0,0,0,1,0,0,1
93314,22393,226.0,95830.0,35.35334439946019,-119.20790901908617,83,3.678203703703703,6,2,1,1,0,3,0,0,0
93401,28033,401.0,52730.0,35.18557533333333,-120.56749133333334,40,2.9338888888888888,5,1,6,0,0,3,0,0,0
93402,14318,492.0,57926.0,35.31278979166666,-120.8266026851852,228,3.0612654320987653,16,2,5,1,0,3,0,0,0
93405,35440,404.0,40697.0,35.28525632034632,-120.67957600865799,4338,2.745509259259259,19,1,5,0,0,5,0,0,0
93420,28413,152.0,67035.0,35.08925787096773,-120.39168103225802,57,7.8358888888888885,3,0,1,0,0,1,0,0,0
93422,31375,525.0,65657.0,35.53309815292223,-120.68495827485081,5942,2.6921135265700484,27,3,26,1,0,9,0,0,0
93426,1401,7.0,63594.0,35.898047777777776,-121.04861444444448,290,4.035617283950618,6,0,3,0,0,0,0,0,0
93427,5505,98.0,66628.0,34.61484300000001,-120.19710000000003,14,6.918472222222223,1,1,0,0,0,0,0,0,0
93428,6314,82.0,59813.0,35.642423547008555,-121.02902514245014,66,3.6854012345679013,6,1,2,0,0,0,0,0,0
93430,2972,41.0,55956.0,35.44017900000001,-120.89088,1388,2.366472222222222,7,0,1,0,1,1,0,0,0
93432,1384,15.0,60759.0,35.50072005803571,-120.51204610664682,535,4.583809523809523,17,3,6,0,0,2,0,0,0
93433,13162,6084.0,47271.0,35.12177881261595,-120.60787302411875,3431,3.1166893424036286,29,5,8,0,0,6,0,0,0
93434,7110,215.0,47518.0,34.9098,-120.56622000000003,144,3.194351851851852,1,1,2,0,0,1,0,0,0
93436,54017,247.0,52032.0,34.66067363636364,-120.43744272727277,48,6.8636616161616155,2,1,4,1,0,3,0,0,0
93437,3338,86.0,65142.0,34.69130916666666,-120.49121666666666,61,3.846087962962963,2,0,5,1,0,3,0,0,0
93442,10789,241.0,51010.0,35.38014749999999,-120.84840549999998,142,2.509333333333333,13,0,2,0,0,5,0,0,0
93444,19244,279.0,61751.0,35.02220604355717,-120.49330667876589,5013,4.052078544061302,19,2,2,0,2,4,0,0,0
93445,7173,427.0,43367.0,35.07415000000001,-120.573262,64,2.728638888888889,4,0,5,0,0,1,0,0,0
93446,43714,105.0,62529.0,35.71921150793651,-120.81832988095238,815,4.647391975308642,6,0,8,0,0,1,0,0,0
93449,7657,766.0,65859.0,35.164238965517235,-120.67670551724134,1456,2.506379310344828,9,0,15,0,0,5,0,0,0
93450,740,4.0,40469.0,36.04054666666668,-120.94314666666666,139,1.2810185185185186,1,0,1,0,0,1,0,0,0
93451,3779,7.0,55670.0,36.055942,-120.60588400000002,44,2.0345555555555555,2,0,2,0,0,1,0,0,0
93452,524,5.0,38333.0,35.585729464285706,-121.1221444345238,310,3.0502256944444444,8,2,3,0,0,2,0,0,0
93453,2899,5.0,58190.0,35.283419999999985,-120.30544666666658,6,6.664074074074075,0,0,3,0,0,0,0,0,0
93454,36448,85.0,50912.0,34.90039499999999,-120.20939999999999,9,4.1651388888888885,3,0,1,0,0,0,0,0,0
93455,41684,386.0,69602.0,34.86447301351352,-120.37878160810807,414,3.955705705705705,14,2,6,1,0,10,0,0,0
93458,55431,2025.0,44209.0,34.94122424789535,-120.45373915454965,638,2.9117121212121213,26,6,2,1,1,16,0,0,0
93460,5255,43.0,96071.0,34.56818,-119.94041,2,0.0,0,0,1,0,0,1,0,0,0
93461,1623,5.0,63750.0,35.637667500000006,-120.30451500000001,11,1.7097916666666664,2,0,2,0,0,0,0,0,0
93463,7646,253.0,66146.0,34.63932250978296,-120.10183973004088,1002,3.0397058823529415,14,0,10,1,0,9,0,0,0
93465,9153,104.0,80884.0,35.514055,-120.78731333333333,102,3.3268981481481474,1,0,4,0,0,1,0,0,0
93601,1909,43.0,53594.0,37.39465263736263,-119.7960814285714,202,2.6930982905982908,3,0,6,1,0,2,0,0,0
93602,3862,27.0,58168.0,37.10237999999999,-119.45155000000001,26,1.968308080808081,7,0,4,0,0,0,0,0,0
93608,1114,10.0,30523.0,36.4272675,-120.23100333333332,388,2.687314814814815,5,1,0,0,0,0,0,0,0
93609,5640,92.0,47361.0,36.512724,-119.90011022222222,1395,2.8013888888888885,6,0,2,1,0,1,0,0,0
93610,23833,88.0,40327.0,37.091475129629636,-120.26886381216933,83,1.600030864197531,12,1,2,0,0,3,0,0,0
93611,45614,4075.0,78482.0,36.821896009557946,-119.65269182691254,2701,3.108584229390682,17,1,7,1,0,4,0,0,0
93612,35351,5344.0,39801.0,36.80749535714285,-119.71270142857142,1066,0.8088492063492064,21,1,2,0,0,3,0,0,0
93614,11661,102.0,46551.0,37.20137285714286,-119.73647228571431,155,1.3149722222222222,5,0,3,0,0,1,0,0,0
93615,6042,361.0,27525.0,36.52779625,-119.28032749999998,32,1.2489583333333334,6,0,0,0,0,1,0,0,0
93616,2627,189.0,31108.0,36.703156666666665,-119.56367888888889,106,2.2966512345679013,7,2,7,0,0,1,0,0,0
93618,28262,424.0,38110.0,36.53887125000001,-119.39572312499999,1610,2.372482638888889,9,1,2,0,0,2,0,0,0
93619,28965,162.0,106235.0,36.84443714285714,-119.59039,25,0.7633333333333334,4,0,0,0,0,3,0,0,0
93620,9591,55.0,34579.0,37.063099471153855,-120.67372471153845,47,2.5206597222222222,9,1,0,0,0,5,0,0,0
93621,464,7.0,32014.0,36.908299999999606,-119.08628999999942,25,88.83333333333331,0,1,0,0,0,0,0,0,0
93622,9581,27.0,32865.0,36.83280899999999,-120.62055899999996,323,3.3313055555555557,3,2,2,0,1,2,0,0,0
93623,69,2.0,23269.0,37.49917766233765,-119.75151975881262,142,1.2281818181818183,4,1,3,0,0,1,0,0,0
93625,7313,296.0,45230.0,36.638194880952376,-119.6761075595238,75,2.2081250000000003,2,2,1,0,0,2,0,0,0
93626,1359,14.0,32560.0,36.98382333333333,-119.67827166666667,6,1.5579629629629632,5,0,1,0,0,0,0,0,0
93630,19162,123.0,48115.0,36.70809330517996,-120.09378062492203,651,2.768212560386473,17,1,1,1,1,1,0,0,0
93631,15941,199.0,55266.0,36.49759308024693,-119.5263153888889,70,2.5577361111111117,11,1,4,1,0,3,0,0,0
93635,38776,150.0,46933.0,37.0480311764706,-120.83812941176468,20,2.5309313725490195,5,2,0,0,0,7,0,0,0
93636,11908,61.0,74538.0,36.98139499999999,-119.88807833333333,6,1.7785185185185186,3,0,0,0,0,3,0,0,0
93637,37743,140.0,48974.0,36.89797466666666,-120.16351409876546,87,3.2781851851851855,6,6,0,2,0,0,0,0,0
93638,49068,517.0,37280.0,36.97958672809285,-120.0578902908576,1331,1.927987528344671,26,5,3,0,0,8,0,0,0
93640,11880,105.0,25019.0,36.79018705882353,-120.40231352941177,696,2.205833333333334,13,0,1,0,0,2,0,0,0
93641,595,19.0,33622.0,36.70323571428572,-119.00903142857143,8,1.118968253968254,3,0,3,0,0,1,0,0,0
93644,8637,93.0,43376.0,37.36011416666667,-119.62232833333333,19,1.4300462962962965,3,1,7,0,0,1,0,0,0
93645,318,6.0,61589.0,37.15008,-119.56920500000001,2,2.167777777777778,2,0,0,0,0,0,0,0,0
93646,10557,248.0,27906.0,36.68287457142858,-119.24249828571428,143,1.4946904761904765,7,2,58,0,0,2,0,0,0
93647,11874,111.0,33205.0,36.63792,-119.16387999999999,6,1.5340555555555553,3,0,2,0,0,0,0,0,0
93648,15719,685.0,35499.0,36.61068636363637,-119.5162445454545,1947,3.6806818181818186,4,0,3,0,2,2,0,0,0
93650,4055,5725.0,30205.0,36.83839095238095,-119.80142603174603,2168,2.1478703703703705,7,1,1,0,0,0,0,0,0
93651,1674,58.0,88080.0,37.014942666666656,-119.53162971428571,531,0.8492063492063495,13,0,92,0,0,0,0,0,0
93652,415,201.0,28750.0,36.590994090909085,-119.88685818181821,572,2.1591540404040415,15,1,2,1,0,2,0,0,0
93653,1229,5.0,60750.0,37.16588,-119.93831500000002,2,2.498611111111111,2,0,0,0,0,0,0,0,0
93654,29776,302.0,48817.0,36.61157153846155,-119.40679115384617,787,2.088760683760684,8,2,2,0,0,1,0,0,0
93656,6313,57.0,43864.0,36.405509140211635,-119.88650300352732,66,2.4110185185185187,7,3,1,0,0,2,0,0,0
93657,34999,164.0,47781.0,36.795910625000005,-119.3418684375,90,1.139071180555556,8,0,24,0,0,0,0,0,0
93660,4675,58.0,26978.0,36.55383066666667,-120.13404115555552,183,4.3125,5,2,0,0,1,1,0,0,0
93662,30237,384.0,43790.0,36.57482181818182,-119.60377363636363,14,1.5577777777777777,7,1,1,0,0,1,0,0,0
93664,585,3.0,78750.0,37.01175666666666,-118.98097999999999,4,2.2714814814814814,0,0,3,0,0,0,0,0,0
93667,2604,23.0,54459.0,36.97614758064516,-119.3781458064516,226,0.9300492831541218,2,0,59,0,0,0,0,0,0
93669,295,43.0,2499.0,37.28521115384615,-119.56003064102563,97,2.24284188034188,6,3,2,0,0,1,0,0,0
93675,3721,47.0,60743.0,36.768575277777785,-119.2585358333333,71,0.6253086419753086,7,0,28,0,0,1,0,0,0
93701,12529,8274.0,20201.0,36.75591962962964,-119.78769814814814,83,1.7469650205761322,19,0,4,0,0,4,0,0,0
93702,48607,9234.0,27372.0,36.73418383169934,-119.74614329248364,421,3.587984749455337,34,1,8,1,0,4,0,0,0
93703,31868,6741.0,28663.0,36.76792296296296,-119.75934296296298,50,1.1352674897119341,20,0,0,0,0,6,0,0,0
93704,27156,4955.0,45866.0,36.794095038115024,-119.80068756756756,2608,2.2790540540540545,25,1,2,0,3,4,0,0,0
93705,36703,7528.0,32485.0,36.78818571428571,-119.8347725,3504,1.392698412698413,20,0,1,0,1,5,0,0,0
93710,30202,4308.0,42286.0,36.82267763271163,-119.77227624080159,6503,2.6017728758169945,27,2,0,0,1,3,0,0,0
93711,36731,3248.0,65678.0,36.84657292045455,-119.84134442694806,276,1.7389236111111113,11,2,0,1,0,1,0,0,0
93720,45191,4538.0,75200.0,36.8760143137255,-119.77290570278636,52,1.8886111111111108,10,1,1,0,0,3,0,0,0
93721,6959,3395.0,16597.0,36.70840676470589,-119.79714176470587,166,1.7883169934640524,21,0,7,1,0,5,0,0,0
93722,76448,3903.0,55500.0,36.80299304347825,-119.88044347826089,606,2.2685990338164252,14,1,2,1,1,4,0,0,0
93723,9547,224.0,65045.0,36.79302808012821,-119.97616230769229,626,1.6217685185185189,23,2,1,1,0,2,0,0,0
93725,24979,382.0,35974.0,36.57459830718954,-119.7477325784314,2765,1.9700980392156864,13,0,1,1,0,1,0,0,0
93726,40705,6344.0,32796.0,36.7936102631579,-119.76152868421052,451,1.916673976608187,25,3,4,0,0,4,0,0,0
93727,71820,2209.0,45760.0,36.75144512,-119.67577816000001,242,1.8386444444444439,14,1,2,0,0,6,0,0,0
93728,15743,5145.0,32215.0,36.753436666666666,-119.8291721428571,129,1.689365079365079,28,1,3,0,0,6,0,0,0
93730,9941,1312.0,118396.0,36.92866105072463,-119.76093775362322,1656,3.959027777777778,0,2,1,0,0,1,0,0,0
93901,26863,1839.0,48514.0,36.668300997474745,-121.65688622474747,8229,2.2500771604938268,19,3,4,0,0,8,0,0,0
93905,61087,6564.0,41607.0,36.68000566666668,-121.61235433333333,387,2.883287037037037,22,1,3,0,0,3,0,0,1
93906,59461,4548.0,56358.0,36.74117217391304,-121.62748782608698,320,2.8330314009661834,9,1,2,0,0,5,0,0,2
93907,21726,403.0,68497.0,36.80782914193901,-121.66553305654297,4378,2.419096185737976,47,8,3,0,0,7,0,0,1
93908,13043,61.0,108093.0,36.59708894736841,-121.6054257894737,284,1.8158771929824564,10,2,0,1,0,3,0,0,0
93920,1369,4.0,81125.0,36.18040999999997,-121.69635,1,3.664444444444445,1,0,0,0,0,0,0,0,0
93923,12073,94.0,105714.0,36.429485185185186,-121.79665574074079,324,2.1982613168724283,20,2,3,1,0,1,0,0,0
93924,6279,33.0,88926.0,36.40010333333331,-121.61310666666668,20,9.776296296296298,2,1,0,0,0,0,0,0,0
93925,1671,31.0,70909.0,36.67627200000002,-121.27090400000002,527,12.437444444444445,1,0,0,0,0,1,0,0,3
93926,8726,147.0,50933.0,36.50207422763444,-121.43351972289204,7187,4.642878352490421,35,3,1,0,0,1,0,0,18
93927,17547,66.0,52642.0,36.21544166666666,-121.31883,29,2.1926851851851854,2,0,4,0,0,0,0,0,0
93930,15866,44.0,47262.0,36.1617362463257,-121.06565407434134,374,1.973662551440329,20,5,1,0,1,0,0,0,0
93933,22406,1743.0,52736.0,36.685484347222214,-121.77704483333333,22,3.042395833333334,4,0,0,0,0,3,0,0,0
93940,31615,1539.0,67513.0,36.53174879353233,-121.83087062189057,5976,0.5298880597014929,123,2,4,0,0,5,0,0,0
93950,15046,5251.0,71969.0,36.61754925925927,-121.91953703703702,223,3.183251028806584,18,3,1,0,0,4,0,0,0
93953,4509,561.0,100268.0,36.57542500000001,-121.93437281249996,36,3.0149305555555554,27,0,2,0,0,2,0,0,0
93955,33359,1181.0,55678.0,36.61537500000001,-121.81988571428572,51,2.5935317460317466,4,1,0,1,0,1,0,0,0
93960,27080,133.0,50504.0,36.40200060755778,-121.31714917536993,12428,3.4202102102102123,23,6,1,0,0,2,0,0,5
94002,25992,4589.0,102090.0,37.512512105263184,-122.29906894736843,4758,7.414444444444444,8,1,3,0,0,0,0,0,7
94005,4282,974.0,78542.0,37.691331163708085,-122.41260613412227,316,2.7548290598290595,8,1,2,0,0,2,0,0,0
94010,40737,3442.0,109775.0,37.56574619527315,-122.36718561410302,2278,5.529990421455938,15,2,2,0,0,3,0,0,6
94014,47014,7454.0,71739.0,37.691437332047585,-122.44729520980144,3084,6.462243589743589,8,1,0,0,0,3,0,0,0
94015,60927,10576.0,76978.0,37.67325125,-122.48289964285719,1074,2.48233630952381,43,3,0,3,0,4,0,0,1
94019,18424,350.0,100394.0,37.468740408741304,-122.43487061012281,44630,4.927203703703704,42,0,3,0,0,5,0,0,24
94020,1559,28.0,99716.0,37.2814531,-122.22108900000003,599,13.700805555555556,1,0,2,0,0,0,0,0,7
94021,192,42.0,92375.0,37.29841375,-122.28598812500007,1484,10.345989583333335,5,0,2,0,0,0,0,0,9
94022,18500,1058.0,165534.0,37.350062499999986,-122.16344375000004,639,10.753020833333332,5,0,2,0,0,1,0,0,7
94024,22385,3066.0,167384.0,37.35483926275992,-122.08538079395088,62,4.4921859903381645,14,2,2,0,0,3,0,0,0
94025,40526,3448.0,115444.0,37.46860073067285,-122.17352951360772,280,3.2148099415204676,27,3,4,1,0,3,0,0,0
94027,7089,1364.0,220583.0,37.441786181818195,-122.2052058181818,454,3.8319949494949506,17,5,6,0,0,4,0,0,0
94028,6534,429.0,161205.0,37.37790937828182,-122.2196896075353,6508,9.167653061224486,15,3,6,0,0,2,0,0,23
94030,21536,6359.0,88451.0,37.60957071428572,-122.40545499999999,408,2.3793452380952376,19,0,0,2,0,7,0,0,0
94038,3040,1929.0,106429.0,37.53952671428571,-122.50131807142856,2515,5.557571428571429,21,2,2,0,0,1,0,0,8
94040,32996,8945.0,99375.0,37.3835525,-122.09757099999999,325,2.0162222222222224,11,1,1,0,0,6,0,0,0
94041,13292,8689.0,92125.0,37.389915714285735,-122.06184785714301,920,10.74972222222222,7,0,4,0,0,2,0,0,0
94043,28358,2657.0,97552.0,37.41151729166666,-122.09234354166666,88,3.126805555555556,6,2,1,0,0,2,0,0,0
94044,37296,2543.0,94453.0,37.6285173021817,-122.48374370495674,30471,4.345321285140563,55,1,7,0,0,5,0,0,14
94060,1554,21.0,80417.0,37.186419166666646,-122.35524666666669,798,8.959120370370371,6,0,0,0,0,0,0,0,6
94061,36245,9391.0,79833.0,37.46232831584207,-122.24784536981507,5199,6.230081417624519,31,2,2,0,0,3,0,0,18
94062,25876,365.0,125060.0,37.40609028571427,-122.29909342857144,1701,9.51515873015873,12,0,6,0,0,2,0,0,15
94063,30949,4539.0,52818.0,37.488173278369764,-122.22107412662362,3003,1.723442028985507,16,3,1,0,0,3,0,0,0
94065,11359,4660.0,132337.0,37.539379555555556,-122.23606422222221,374,1.900277777777778,2,0,1,1,0,1,0,0,0
94066,41130,6706.0,78911.0,37.6242000660554,-122.44614880894122,25579,4.10442791005291,58,0,2,0,0,6,0,0,16
94070,29166,4749.0,117679.0,37.497230833333326,-122.26090354166668,7443,4.385873842592593,32,2,2,1,0,4,0,0,7
94074,214,12.0,84500.0,37.28494210526316,-122.36941526315789,1893,7.265219298245614,9,0,0,0,0,1,0,0,9
94080,63975,6224.0,77058.0,37.65730741258742,-122.42754510489515,241,2.7146848290598298,41,2,1,1,0,5,0,0,0
94085,21247,6088.0,91808.0,37.39332285714287,-122.02434928571428,299,2.439702380952381,8,1,4,1,0,0,0,0,0
94086,45697,10187.0,96919.0,37.36927916666666,-122.01948203703702,79,3.146172839506173,12,3,0,0,0,3,0,0,0
94087,54293,8248.0,114771.0,37.347710024193546,-122.04389271774198,7833,4.371180555555554,25,4,1,1,0,6,1,0,1
94089,19245,3212.0,85769.0,37.39662888888889,-121.9974111111111,17,6.2763580246913575,5,2,1,0,0,0,0,0,0
94102,31176,46472.0,22517.0,37.77760764705881,-122.42410647058823,96,0.9896078431372549,16,0,0,0,0,0,0,0,0
94103,27170,20036.0,43364.0,37.778512679738554,-122.40779782679738,2696,3.3793627450980392,11,2,0,0,0,4,0,0,0
94104,406,5232.0,48750.0,37.79320000000001,-122.40287428571428,129,2.0450793650793653,5,0,0,0,0,2,0,0,0
94105,5846,15826.0,163949.0,37.78548444444445,-122.39220555555555,39,2.6872530864197532,6,0,3,0,0,0,0,0,0
94107,26599,14845.0,114439.0,37.75912166666666,-122.3879392063492,2117,6.904960317460318,1,2,3,0,0,1,0,0,0
94108,13768,50983.0,35427.0,37.79558562500001,-122.40966499999999,1036,2.57296875,14,0,2,0,0,0,0,0,0
94109,55984,47129.0,60722.0,37.79299208333333,-122.42164125000001,1063,1.8950462962962964,18,0,2,1,0,2,0,0,0
94110,69333,29816.0,82111.0,37.74946720512821,-122.42019585996053,2290,3.0842435897435903,43,0,14,1,0,5,0,0,0
94111,3713,10791.0,89722.0,37.801975000000006,-122.41197125,8,1.1240972222222223,7,0,0,0,0,0,0,0,0
94112,79407,23606.0,71625.0,37.720398076923075,-122.43856230769232,2311,1.8716666666666666,38,1,4,1,0,5,0,0,1
94114,31124,21837.0,114689.0,37.76087910685806,-122.43693089314195,1172,3.2196491228070174,6,0,10,0,0,3,0,0,0
94115,33021,29596.0,76952.0,37.78703428571429,-122.44014285714285,104,0.9542063492063493,5,0,0,0,0,1,0,0,0
94116,43698,16901.0,83407.0,37.742473534946235,-122.48754989618095,2216,3.259224137931034,38,2,11,0,0,4,0,0,0
94117,39169,23211.0,94479.0,37.771013749999995,-122.43979,420,2.1358506944444446,10,1,1,0,0,4,0,0,0
94118,38319,19663.0,82857.0,37.77991828547297,-122.47289491554052,1772,3.251921921921921,27,0,8,0,0,2,0,0,0
94122,56023,23699.0,81768.0,37.76348587719299,-122.49203539473686,3550,2.6042726608187134,48,2,15,0,0,7,0,0,0
94123,23088,22622.0,112650.0,37.79949416666667,-122.43537833333333,2749,1.8347222222222224,11,0,1,0,0,0,0,0,0
94124,33996,6901.0,50146.0,37.731349393939404,-122.3857433333333,6549,3.695723905723906,21,2,6,0,0,4,0,0,0
94127,19289,10895.0,131351.0,37.73043727272727,-122.45720757575758,840,2.773636363636364,24,0,5,1,0,3,0,0,0
94129,3183,1381.0,143320.0,37.83346500000001,-122.51336333333342,175,33.61083333333334,1,0,1,0,0,0,0,0,4
94130,2880,3196.0,37500.0,37.82106,-122.3284,1,0.0,1,0,0,0,0,0,0,0,0
94131,26881,12926.0,96889.0,37.74547906756757,-122.43934867567566,939,2.0508408408408414,25,0,7,0,0,4,0,0,0
94132,28129,9045.0,69223.0,37.711603499999995,-122.472514,1003,1.9421111111111113,16,0,2,1,0,1,0,0,0
94134,40798,17001.0,56716.0,37.71931552631579,-122.40815421052629,503,2.4598099415204686,27,3,4,0,0,3,0,0,0
94158,4792,7288.0,82195.0,37.76295458333333,-122.40104666666663,400,3.8801620370370373,13,0,9,0,0,2,0,0,0
94301,16995,7161.0,122473.0,37.45829250000001,-122.1522775,4,3.331597222222222,3,0,0,0,0,0,0,0,0
94303,45467,5710.0,80127.0,37.46157727272727,-122.13395954545453,25,1.2409722222222224,15,0,0,0,0,6,0,0,0
94305,13862,2703.0,64697.0,37.40829999999998,-122.20031999999995,187,6.064833333333333,3,0,1,0,0,1,0,0,0
94306,26469,6322.0,110580.0,37.39591699999999,-122.12492200000001,46,3.548222222222222,6,2,1,0,0,0,0,0,0
94401,34429,10943.0,69832.0,37.56819404761906,-122.32263619047617,188,2.1112896825396827,29,2,1,0,1,5,0,0,1
94402,23981,4934.0,107124.0,37.54132491738066,-122.33235594859244,8139,6.503074935400515,22,2,2,3,0,3,0,0,9
94403,39642,7040.0,90764.0,37.5435262962963,-122.30152185185183,2456,3.235298353909465,15,0,7,1,0,1,0,0,0
94404,33749,7923.0,114511.0,37.55401499999999,-122.273426875,1505,2.7485069444444448,7,1,4,1,0,2,0,0,0
94503,19681,1519.0,82746.0,38.26504758024694,-122.23433602160493,2962,17.055767746913585,24,2,4,0,0,2,0,0,40
94505,13403,824.0,111290.0,37.89716333333333,-121.6035,44,1.6399999999999997,3,0,1,0,0,2,0,0,0
94506,22452,1195.0,171214.0,37.825940737976794,-121.93885975953565,10437,5.926913580246914,9,1,2,0,0,0,0,0,6
94507,14889,1173.0,160279.0,37.81155833333334,-122.11449,51,0.0,6,0,0,0,0,0,0,0,0
94508,3661,210.0,60855.0,38.59395624713959,-122.42870649885597,2454,13.98638888888889,11,0,1,0,0,1,0,0,10
94509,62439,3800.0,53953.0,38.00382147859969,-121.81317681916742,1291,1.8997413793103444,39,0,10,0,0,4,0,0,0
94510,27088,969.0,88930.0,38.149074571428585,-122.11209714285712,11,1.1004999999999998,5,0,0,0,0,0,0,0,0
94512,108,5.0,142885.0,38.11971666666668,-121.77064333333361,4,14.444351851851849,2,0,1,0,0,0,0,0,0
94513,54605,722.0,91343.0,37.926114720229556,-121.69289879483503,1573,1.814967320261438,24,1,2,0,0,6,0,0,1
94514,1360,47.0,50199.0,37.85456857142857,-121.63242285714286,37,5.267539682539682,3,0,2,0,0,1,0,0,1
94515,7050,67.0,60754.0,38.6017796726499,-122.60889314359282,25456,22.257006172839507,65,2,10,1,0,0,0,0,75
94517,12385,216.0,116677.0,37.909623284493286,-121.8913038339438,590,8.297863247863246,7,1,1,0,0,0,0,0,4
94518,26778,4925.0,70546.0,37.94665105446623,-122.02207919172109,1031,2.064407407407408,22,2,3,0,0,2,0,0,0
94519,18453,4221.0,70476.0,38.00886684473562,-121.99016529684603,552,2.9458333333333333,43,4,0,0,0,5,0,0,3
94520,37208,3688.0,47313.0,37.97440704978214,-122.04332780457513,7745,1.406935185185185,45,0,3,0,1,9,0,0,0
94521,41249,3182.0,81144.0,37.94931865377063,-121.95630423802042,6108,6.460241228070174,17,2,5,0,1,2,0,0,10
94523,33569,4640.0,77485.0,37.9501588888889,-122.08179227513224,1677,2.048567019400353,41,1,9,0,1,5,0,0,3
94525,3127,1329.0,83716.0,38.05689719135804,-122.17572074074072,5643,2.8743827160493836,15,0,2,0,0,1,0,0,0
94526,31102,2083.0,124511.0,37.82848696986064,-122.00039256994835,3979,3.080960884353737,75,5,3,0,0,6,0,0,9
94530,23877,4945.0,84466.0,37.91367003381642,-122.29917982125602,11400,6.2676172839506155,24,1,0,0,0,6,0,0,14
94531,40290,3678.0,87927.0,37.95914842105263,-121.76509473684204,201,2.0080994152046783,11,1,3,0,0,3,0,0,1
94533,69277,3207.0,55413.0,38.27593452580961,-122.02560242416124,37520,6.4407215836526195,129,2,6,1,0,11,0,0,22
94534,36416,460.0,92676.0,38.23169731707318,-122.13414121951214,15181,16.15211382113822,13,2,1,0,0,4,0,0,21
94535,3793,995.0,50970.0,38.296185802469125,-121.92620086419753,612,2.1684876543209874,7,0,0,0,1,1,0,0,0
94536,68790,4717.0,87001.0,37.55650969647643,-121.98144871234491,2015,3.969925595238096,25,3,4,0,0,16,0,0,5
94538,61148,3715.0,85945.0,37.52391928861788,-121.974677703252,2201,2.487174796747967,14,5,4,0,0,16,0,0,0
94539,50031,1968.0,143949.0,37.51201458416585,-121.91172083041954,163,5.8591468253968255,13,1,1,1,0,6,0,0,5
94541,61635,8296.0,56656.0,37.67300539257982,-122.09751103537533,201,1.9430555555555558,47,1,3,0,0,7,0,0,0
94542,12717,2229.0,84817.0,37.662753502722325,-122.03514669691472,4209,8.134894636015325,14,0,1,0,0,1,0,0,13
94544,73026,6665.0,60448.0,37.63197371160412,-122.06583044577047,5586,2.886020299145299,38,3,5,0,0,3,0,0,3
94545,29707,1379.0,69488.0,37.634432,-122.103433,28,2.4332499999999997,7,0,1,0,0,1,0,0,0
94546,42209,4479.0,73099.0,37.70307754716981,-122.07200018867923,16823,7.250146750524107,27,0,7,0,0,2,0,0,17
94547,24092,4427.0,97269.0,38.01850875000001,-122.26688875,43,5.126006944444445,5,1,0,1,0,0,0,0,1
94549,26864,1399.0,135980.0,37.900202135960825,-122.12012380317165,6404,5.778554687499999,34,1,11,0,0,2,0,0,14
94550,46896,202.0,102413.0,37.359413333333336,-121.54165833333327,128,6.8950000000000005,1,0,4,0,0,0,0,0,1
94551,36867,467.0,95716.0,37.73295976430973,-121.7522,3337,11.458333333333334,2,1,1,0,0,2,0,0,5
94552,14454,322.0,138447.0,37.69832846153849,-122.01548461538466,448,12.884465811965809,4,0,2,0,0,1,0,0,6
94553,47065,962.0,75672.0,38.00349188988096,-122.11632532738088,10066,4.723836805555554,26,2,5,0,0,2,0,0,10
94555,34143,2941.0,111268.0,37.57325,-122.058929,277,1.4021111111111109,7,0,1,0,0,2,0,0,0
94556,15229,1243.0,120960.0,37.840172433035725,-122.12891707589286,9447,9.000972222222222,10,0,1,0,1,1,0,0,14
94558,66830,188.0,72286.0,38.4912543563748,-122.24386241935485,4659,10.800496031746029,38,0,5,3,0,5,0,0,19
94559,27184,742.0,56895.0,38.2702181606469,-122.3066116025977,20344,11.728175287356327,51,0,13,0,0,9,0,0,41
94560,42573,3084.0,85847.0,37.53271123076923,-122.03387984615384,135,3.70440170940171,6,0,3,0,1,3,0,0,0
94561,36515,2157.0,76693.0,37.997306114444385,-121.67973302028065,3558,2.59575456053068,37,2,11,1,0,9,0,0,2
94563,17672,1024.0,164173.0,37.88021192771084,-122.1821696385542,31814,12.23954819277109,20,1,9,0,0,3,0,0,47
94564,18287,3271.0,76960.0,37.98590115151514,-122.28264878787877,7077,7.047659932659933,17,2,1,0,0,1,0,0,11
94565,84641,2803.0,55255.0,38.0129561402439,-121.89980325609754,2415,1.8203749999999999,30,2,0,0,0,6,0,0,2
94566,40884,2085.0,117475.0,37.65760066193311,-121.79928430371048,5740,5.595131381381378,29,2,10,1,0,8,0,0,23
94567,623,5.0,56821.0,38.69472000000008,-122.37389499999998,4,13.667083333333336,1,1,0,0,0,0,0,0,0
94568,46016,3011.0,114812.0,37.724855170389716,-121.9191245011411,6353,5.089605263157895,13,1,1,0,0,0,0,0,3
94571,7911,67.0,54223.0,38.17617859636782,-121.70620827709423,2246,2.610580808080808,29,4,2,1,0,7,0,0,0
94572,8684,2000.0,64756.0,38.048419652777774,-122.23920958333332,508,7.786959876543211,8,2,0,1,2,1,0,0,3
94574,8742,68.0,83551.0,38.50115314565074,-122.466467255353,19581,21.22589324618736,35,2,6,0,0,3,0,0,55
94576,164,444.0,40104.0,38.5512862151346,-122.47787979262678,7391,16.57346326164874,14,1,18,0,0,2,0,0,27
94577,45560,5591.0,63388.0,37.716905934065935,-122.1598952747253,3984,6.903076923076924,16,0,1,1,0,6,0,0,2
94578,38558,8755.0,51518.0,37.71473485149984,-122.12692476759732,4809,5.406581196581194,27,1,7,0,0,3,0,0,13
94579,20571,6567.0,72369.0,37.690895,-122.15019375,29,2.4775347222222224,5,1,0,0,0,1,0,0,0
94580,27152,7875.0,71098.0,37.67998166666666,-122.1344138888889,18,1.526635802469136,13,0,1,0,0,3,0,0,0
94582,38537,2965.0,137395.0,37.7571614344942,-121.9324358291874,12391,3.269891975308642,9,1,0,0,0,4,0,0,2
94583,34859,2331.0,119623.0,37.76768090909092,-121.99543409090911,4104,7.182651515151514,8,0,2,0,0,0,0,0,12
94585,28263,251.0,70374.0,38.19463499999999,-121.958945,29,4.589444444444445,2,0,0,0,0,0,0,0,0
94586,925,16.0,93036.0,37.593243599999994,-121.88286880000001,2693,11.180366666666664,1,0,1,0,0,1,0,0,22
94587,69516,3525.0,82083.0,37.59674820512819,-122.03172480769233,4901,2.1160897435897437,17,0,0,0,0,7,0,0,0
94588,30842,945.0,119849.0,37.69135285714285,-121.89075457142857,6900,6.178071428571427,20,0,4,0,0,4,0,0,7
94589,29876,2607.0,56068.0,38.14833767350402,-122.25026405554891,19481,2.810407876230663,64,1,1,0,0,7,0,0,6
94590,35420,5959.0,41819.0,38.099032532755544,-122.2403383765228,26116,3.399516229712859,61,3,1,0,0,8,0,0,11
94591,53042,2458.0,73509.0,38.12189168896447,-122.19907252003023,5318,1.8618121693121696,32,1,0,0,0,7,0,0,0
94592,742,175.0,105352.0,38.112733333333324,-122.26441333333332,724,2.891018518518519,5,0,0,0,0,0,0,0,1
94595,16425,3054.0,57744.0,37.86640001167701,-122.06337974418214,16318,5.145894444444443,30,0,5,0,0,1,0,0,14
94596,20037,3359.0,77173.0,37.87287848484848,-122.02877727272728,270,2.3328114478114474,23,2,5,0,0,3,0,0,0
94597,20277,5180.0,86227.0,37.92322195652176,-122.07051500000007,3749,4.902397342995171,35,1,1,0,0,3,0,0,5
94598,25818,1693.0,121067.0,37.91014687131577,-122.04864824101884,9408,3.9343621399176945,17,1,3,0,0,4,0,0,2
94599,3021,1030.0,70250.0,38.36254186339922,-122.32746052115287,45659,16.12579744816585,91,7,14,0,0,11,0,0,83
94601,50294,15487.0,38305.0,37.77277108646615,-122.20733803383459,10206,2.196228070175438,64,1,3,0,0,7,0,0,0
94602,28329,8574.0,71510.0,37.79948619573828,-122.19933823994437,12775,3.6693619791666645,89,0,3,0,0,10,0,0,22
94603,31403,9630.0,40927.0,37.740201820480415,-122.16476130214916,10140,3.135737463126841,87,1,4,0,0,7,0,0,9
94605,39016,4356.0,56944.0,37.76090073684212,-122.16798526315787,10588,3.957467836257307,64,0,0,1,0,10,0,0,16
94606,36672,16037.0,38363.0,37.791717826086966,-122.24218217391302,288,2.6234661835748803,17,1,3,0,0,2,0,0,0
94607,24978,4235.0,32856.0,37.81121038961039,-122.29671964285716,225,1.6600198412698413,22,1,1,0,0,3,0,0,0
94608,28019,10235.0,52787.0,37.831558124999994,-122.28038312499999,197,3.041076388888889,12,0,3,0,0,0,0,0,0
94609,20596,12057.0,52400.0,37.83199230769231,-122.25866923076924,2173,2.0849465811965815,21,0,3,0,0,2,0,0,0
94610,29287,13410.0,72848.0,37.808422804339465,-122.23594919143622,4800,3.4756200396825396,37,2,7,0,0,3,0,0,4
94611,36565,3462.0,104967.0,37.83190048223696,-122.20861142376344,15449,3.840585585585586,70,2,9,0,0,4,0,0,25
94612,14389,16899.0,26054.0,37.8094637254902,-122.27212274509803,2476,2.960326797385621,34,1,12,0,0,4,0,0,0
94618,16046,6616.0,116604.0,37.849670152589184,-122.23853540865282,14078,5.372530864197527,33,3,1,0,0,2,0,0,14
94619,23299,1489.0,75963.0,37.77022426560588,-122.1478192717258,7904,7.5282821637426895,15,0,1,0,0,3,0,0,18
94621,29870,3840.0,31082.0,37.746682,-122.19481600000002,20,2.5640555555555555,4,0,0,0,0,1,0,0,0
94702,15979,12543.0,57457.0,37.85914214285714,-122.28538714285715,67,1.6661309523809522,9,0,0,0,0,5,0,0,0
94703,19846,14852.0,55554.0,37.8688845,-122.27357649999999,454,2.193680555555556,16,1,1,0,0,0,0,0,0
94704,25592,23930.0,31116.0,37.869240714285716,-122.25010285714286,459,9.932023809523809,5,0,0,0,0,1,0,0,7
94705,12762,3862.0,94750.0,37.854008648648644,-122.26074297297296,514,1.6271246246246247,29,1,0,0,0,2,0,0,0
94706,19615,13287.0,81206.0,37.88875457489878,-122.29239599190284,174,1.6071637426900585,17,0,0,0,0,2,0,0,0
94707,11710,6907.0,138144.0,37.89999171052631,-122.27647197368424,3930,9.204814814814812,7,0,1,0,0,2,0,0,14
94708,10985,3239.0,140611.0,37.89644714285712,-122.2428033333333,11597,13.192473544973547,5,0,1,0,0,0,0,0,14
94709,11806,20084.0,57433.0,37.882733603603604,-122.26341486486483,5591,6.4214789789789775,18,0,0,0,0,4,0,0,13
94710,6948,3233.0,63125.0,37.872604285714296,-122.3006957142857,112,2.1312896825396828,11,1,0,0,0,2,0,0,0
94801,29395,2606.0,40030.0,37.945467731605035,-122.3561629241327,835,2.4865755919854284,45,4,0,2,0,8,0,0,0
94803,24904,2134.0,75052.0,37.956360588235285,-122.25672470588239,8331,7.453562091503268,5,0,0,0,0,0,0,0,12
94804,38559,6241.0,49261.0,37.928402352837224,-122.34279766735213,6281,1.8339886039886035,28,2,0,1,0,5,0,0,1
94805,13648,6873.0,65747.0,37.94303793103449,-122.3164013793104,923,3.972250957854407,18,0,1,0,0,4,0,0,4
94806,59861,7183.0,52976.0,37.97607918414917,-122.32971880149263,3837,2.6203921568627453,36,1,1,1,0,9,0,0,1
94901,41157,3127.0,72311.0,37.97510089925792,-122.5096272781794,43705,4.074158576051777,73,3,6,0,0,5,0,0,16
94903,29040,1448.0,88646.0,38.01271813522724,-122.54295330910413,17480,5.003699074074074,44,2,1,0,0,2,0,0,11
94904,11995,1656.0,102538.0,37.96568332849054,-122.54879391144037,10617,3.3306313131313128,63,1,12,0,0,2,0,0,8
94920,12474,1910.0,138884.0,37.8747567838421,-122.48755602528523,27142,11.905481678487,51,6,3,0,0,3,0,0,31
94922,425,34.0,28864.0,38.33460727514918,-122.97500830669223,543,2.8035947712418303,9,0,6,0,0,1,0,0,1
94923,1411,66.0,76583.0,38.41067972222222,-122.97706069444445,522,3.4450925925925926,5,1,3,0,0,2,0,0,1
94925,9253,2925.0,107193.0,37.92273986500346,-122.51429255303874,32507,4.969456264775414,32,3,1,1,0,1,0,0,8
94928,43170,5604.0,56543.0,38.350008677884624,-122.68707429867959,8338,7.731320861678008,26,2,5,0,0,3,0,0,10
94930,8500,534.0,89306.0,38.00984666666667,-122.69562472222214,4655,8.681041666666667,6,0,0,0,0,3,0,0,3
94931,8470,1333.0,66111.0,38.31096986856279,-122.72866747683692,29416,8.445925925925923,10,3,4,0,0,2,0,0,19
94937,837,20.0,50045.0,38.07091385106383,-122.91203417021275,36,2.516388888888889,6,3,0,1,0,0,0,0,0
94939,6859,3208.0,97723.0,37.942841065074916,-122.52696610955057,7489,3.231793981481481,43,2,1,0,0,1,0,0,1
94940,268,12.0,29813.0,38.216012857142864,-122.90101142857145,499,5.2855952380952385,5,0,0,0,0,0,0,0,2
94941,30496,1372.0,110221.0,37.89089888888889,-122.54298222222225,8431,12.882777777777779,35,2,4,1,0,2,0,0,18
94945,17167,660.0,83026.0,38.109650834411674,-122.5685625021567,11072,4.84611574074074,42,0,0,0,0,2,0,0,14
94946,699,16.0,131250.0,38.0525775,-122.68063249999999,130,2.500972222222222,2,0,1,0,0,1,0,0,0
94947,24283,1070.0,80719.0,38.11308554347824,-122.62277902173912,13853,13.256751207729465,2,0,2,0,0,0,0,0,18
94949,17202,1145.0,77308.0,38.074374497706955,-122.54691422560226,14794,4.324642857142859,44,1,0,0,0,0,0,0,9
94951,4124,281.0,90027.0,38.3004534,-122.63713080000004,5186,14.393261111111105,22,1,4,1,0,1,0,0,20
94952,32858,182.0,76813.0,38.24274666666667,-122.77210666666672,252,4.985023148148148,4,1,4,0,0,2,0,0,1
94954,37365,603.0,80645.0,38.238292500220226,-122.61929811375467,9985,7.374558080808081,33,0,9,1,0,4,0,0,18
94956,1756,30.0,57105.0,38.07173750000002,-122.8133640384615,2125,5.455694444444445,2,0,0,0,0,0,0,0,1
94960,15740,2653.0,108629.0,37.98925170870971,-122.58646004332822,7210,3.8761672908863902,69,3,4,0,0,8,0,0,5
94965,10847,802.0,91410.0,37.8991300000001,-122.63811499999991,1279,55.33347222222222,0,0,0,0,0,0,0,0,2
94970,683,98.0,81743.0,37.929537777777796,-122.69385555555563,3727,36.94418209876543,2,1,2,0,0,0,0,0,13
95003,23974,682.0,83507.0,36.98344423255813,-121.86589302325581,70968,8.929820987654313,31,0,8,0,0,5,1,0,87
95004,3918,216.0,73107.0,36.87216948275862,-121.6043277383367,2297,6.938563218390805,11,2,6,0,0,3,0,0,7
95005,6311,528.0,73877.0,37.10236719253604,-122.10776565733673,15783,14.50771840542833,29,1,10,1,0,6,0,0,81
95006,8979,168.0,75944.0,37.17340135272366,-122.15807950129263,19210,21.405564814814817,13,0,5,0,0,3,0,0,39
95008,45260,7086.0,87204.0,37.281797207303974,-121.9398261331901,3110,2.8952558479532167,26,4,3,0,0,5,0,0,0
95010,9137,6658.0,53275.0,36.982878669623055,-121.93809185302501,14318,6.1945382395382405,36,1,7,0,0,3,0,0,29
95012,10320,691.0,55127.0,36.76994222222223,-121.75264555555557,32,2.776327160493827,6,2,0,0,0,1,0,0,0
95014,60717,2255.0,127870.0,37.302,-122.07746525193797,1228,5.6715051679586574,23,0,2,0,2,1,0,0,14
95017,834,17.0,73125.0,37.04993294753088,-122.2019438580247,4408,13.071141975308642,2,1,1,0,0,0,0,0,23
95018,7778,414.0,71964.0,37.05944253164557,-122.06675223628692,24647,14.258473980309418,10,2,7,0,0,3,0,0,56
95019,7727,6364.0,36791.0,36.95720568875911,-121.78711177709432,9005,7.8519921875,57,4,12,1,0,5,0,0,46
95020,57349,368.0,81037.0,36.991377491505844,-121.51565996495185,3168,6.031757369614512,21,2,5,1,0,8,0,0,11
95023,48841,118.0,67481.0,36.90551453273999,-121.33108263191353,117,4.1077525252525255,6,1,1,0,0,1,0,0,1
95030,12791,1225.0,151538.0,37.23815871018862,-121.99618273587274,14166,6.777928004535147,47,1,5,1,0,6,0,0,36
95032,25089,1579.0,122163.0,37.2242855,-121.92888599999996,5713,8.9525,7,2,3,0,0,1,0,0,7
95033,9372,102.0,116382.0,37.16613609756098,-122.00323658536585,3130,11.151876693766933,10,1,2,0,0,1,1,0,26
95035,66943,2880.0,95437.0,37.432004663387005,-121.8645236344994,3336,7.886100427350426,26,2,2,0,0,2,0,0,19
95037,45579,187.0,95047.0,37.1201693549115,-121.68009315292325,21026,8.713023088023089,28,1,7,0,0,1,0,0,39
95039,1377,93.0,55724.0,36.845504612068964,-121.75964478448275,26,3.7101041666666665,4,2,0,0,0,2,0,0,0
95043,639,1.0,65341.0,36.60873999999999,-120.84893500000001,150,2.337083333333333,2,0,0,0,0,0,0,0,0
95045,4046,85.0,58005.0,36.844481153846154,-121.40435607692305,1023,2.698547008547009,8,2,6,0,1,5,0,0,1
95046,6417,329.0,92778.0,37.10475044538988,-121.61311821902234,2970,5.389865591397851,30,5,1,0,0,7,0,0,19
95050,35923,6808.0,67630.0,37.33522,-121.9427332352941,8,1.7537500000000004,2,0,0,0,0,0,0,0,0
95051,54327,8159.0,100504.0,37.340169999999965,-121.99712,1,5.667222222222222,0,1,0,0,0,0,0,0,0
95054,23364,3730.0,110099.0,37.40838000000001,-121.94413181818182,13,3.3316919191919188,7,0,4,0,0,0,0,0,0
95060,46377,684.0,62879.0,37.02617230357143,-122.11314778571426,755,12.710069444444443,4,1,2,0,0,0,0,0,9
95062,36079,7148.0,60035.0,36.9758989457355,-121.99510248243557,18729,6.105956196581195,24,3,3,0,0,7,0,0,13
95064,7331,3908.0,54669.0,36.985369649122795,-122.04051280701756,21796,10.928177387914232,14,2,4,0,0,3,0,0,33
95065,8113,725.0,85156.0,37.03156941818181,-121.99626658181819,2052,11.269949494949492,10,0,6,0,0,4,0,0,13
95066,14749,778.0,106519.0,37.077097594197326,-121.99542466373899,45857,12.025197056030402,27,5,7,1,0,2,0,0,75
95070,30617,1201.0,158655.0,37.26249886330916,-122.04092140763652,7881,8.139128787878786,36,2,2,1,0,3,1,0,43
95073,10154,479.0,73987.0,37.04821318181818,-121.93876681818179,1633,8.084343434343435,6,1,1,0,0,1,0,0,13
95076,82474,604.0,55208.0,36.88276001058201,-121.70427616243389,410,4.501388888888889,19,2,1,0,1,1,0,0,4
95110,18730,4014.0,63184.0,37.347074166666665,-121.91399583333333,138,1.5833101851851852,10,0,1,0,0,0,0,0,0
95111,58466,10840.0,57120.0,37.279115000000004,-121.82317933333333,159,2.194407407407408,23,2,2,0,0,2,0,0,0
95112,55927,7885.0,48370.0,37.339267037037025,-121.87574481481481,69,2.0366255144032928,23,0,1,0,0,2,0,0,0
95113,893,2618.0,34345.0,37.328835125,-121.88858862500001,941,3.062274305555555,5,2,5,0,1,3,0,0,0
95116,51496,14382.0,48805.0,37.353267142857135,-121.83764035714287,352,2.971121031746033,19,2,1,1,0,4,0,0,0
95117,30067,11693.0,63465.0,37.31023433140727,-121.96941608727224,1656,2.71530193236715,19,1,2,0,0,1,0,0,0
95118,31932,7703.0,89265.0,37.25559371950328,-121.89288351439009,245,1.8468693693693692,32,2,3,0,0,0,0,0,0
95119,9970,3524.0,109745.0,37.23331683519689,-121.79103228001945,2251,5.183712121212121,12,0,2,0,0,2,0,0,5
95120,37457,942.0,150675.0,37.164211666666674,-121.85382400000002,3506,9.10253703703704,6,1,0,1,0,1,0,0,21
95121,37469,8454.0,82001.0,37.30681944444444,-121.80850833333332,7208,3.8236419753086426,10,2,0,0,0,3,0,0,1
95122,56545,11857.0,56140.0,37.32955409090909,-121.83390090909089,224,1.636540404040404,13,1,1,0,0,5,0,0,0
95123,62228,7481.0,87180.0,37.23024714285715,-121.84545448979593,4742,2.902545351473923,30,1,4,0,0,6,0,0,7
95124,47082,7167.0,105924.0,37.24943393818396,-121.9359938627625,4948,3.8408503401360536,26,2,5,1,0,3,0,0,7
95125,51939,6488.0,97694.0,37.303095918964075,-121.8938697368421,1229,4.164313271604938,24,1,6,0,1,3,0,0,0
95126,31049,9459.0,70351.0,37.321391000000006,-121.91653199999999,339,2.2814166666666673,7,1,0,0,0,0,0,0,0
95127,61325,4713.0,68379.0,37.37749319444444,-121.79997825694444,1442,3.335862268518518,29,1,4,0,0,3,0,0,10
95128,34836,8923.0,66533.0,37.31817034482758,-121.93356344827586,204,1.9493295019157089,20,1,2,0,0,5,0,0,0
95129,38720,8581.0,104705.0,37.306972162162154,-122.01484540540538,647,2.976584084084083,24,5,1,0,0,2,1,0,0
95130,13911,8930.0,90759.0,37.28308398989899,-121.98320235970822,1240,4.163383838383838,27,8,2,1,0,5,0,0,0
95131,28565,4913.0,104919.0,37.394629259259254,-121.89294026819925,4511,1.781992337164751,22,0,4,0,0,2,0,0,0
95132,40299,791.0,95198.0,37.4217275,-121.78903499999998,167,10.983715277777778,1,0,0,0,0,0,0,0,7
95133,25401,7982.0,66705.0,37.379980937499994,-121.84198475000001,6807,2.875694444444444,28,3,1,0,0,4,0,0,3
95134,15268,1610.0,113212.0,37.42086405128205,-121.95060791025641,563,1.1397115384615384,22,0,2,0,0,2,0,0,0
95135,20120,658.0,124288.0,37.317419999999956,-121.66621399999994,71,13.133388888888888,1,0,1,0,0,0,0,0,3
95136,42989,9082.0,86547.0,37.278322151238584,-121.85448024771837,223,3.474145299145299,9,2,2,0,0,0,0,0,0
95138,18889,725.0,143261.0,37.26348545454545,-121.72780545454543,1815,5.834823232323231,1,0,0,0,0,0,0,0,10
95139,6748,5482.0,92421.0,37.200456,-121.73166400000002,25,9.005388888888888,2,0,0,0,0,0,0,0,3
95140,191,2.0,163229.0,37.38527999999997,-121.66556000000004,2,6.836666666666668,0,0,1,0,0,0,0,0,0
95148,45528,4831.0,105438.0,37.33424018987852,-121.77047257993254,8951,6.2315865384615385,21,1,7,0,0,1,0,0,21
95202,6521,6049.0,14404.0,37.95286453333333,-121.28835106666673,2100,2.9582629629629626,40,2,19,1,0,9,0,0,0
95203,15696,2544.0,39301.0,37.95229370695971,-121.3226136959706,181,3.242248677248677,34,1,4,0,0,1,0,0,0
95204,27786,5448.0,44809.0,37.97457512195123,-121.32199292682925,252,2.0480894308943087,29,2,3,0,0,3,0,0,0
95205,38069,4188.0,33043.0,37.944768772554625,-121.25235275878447,1979,2.4417022792022784,43,3,16,2,0,10,0,0,0
95206,65004,449.0,43559.0,37.92235038461539,-121.43973500000001,17,3.6272916666666664,3,0,0,0,0,1,0,0,0
95207,47965,6610.0,39301.0,38.006675,-121.32710848484845,760,2.9201893939393937,26,4,0,0,0,13,0,0,0
95209,39488,4711.0,72430.0,38.04280833333333,-121.35245511904762,389,1.7986507936507936,7,0,0,1,0,5,0,0,0
95210,39009,5892.0,40182.0,38.03900380952381,-121.29954952380955,3079,2.721653439153439,16,1,1,0,0,2,1,0,0
95212,25239,1170.0,61214.0,38.043919999999986,-121.24122384615387,158,4.220897435897435,8,2,2,0,0,1,0,0,0
95215,23224,245.0,41736.0,38.0114522060606,-121.1038444969697,732,4.854962962962963,7,4,2,0,0,1,0,0,0
95219,27884,490.0,73911.0,37.9933475,-121.4829275,8,1.4177083333333331,4,0,0,0,0,0,0,0,0
95220,7273,126.0,54000.0,38.19169352884616,-121.19821072115386,172,2.710333333333333,8,2,0,0,0,5,0,0,0
95222,5292,35.0,52088.0,38.002245600000016,-120.63305359999998,5884,14.063066666666659,5,0,2,0,0,0,0,0,18
95223,4612,16.0,54360.0,38.27850438356162,-120.30588575342468,21986,10.898017503805178,28,1,2,2,0,3,0,0,36
95228,3976,37.0,61488.0,37.922623029156014,-120.6328553938619,1646,4.0460111111111114,18,0,2,0,0,2,0,0,2
95230,718,6.0,45769.0,38.09525333333334,-120.88385,102,1.5045370370370372,1,0,0,0,0,0,0,0,2
95231,4374,413.0,37258.0,37.87524754901961,-121.27765362745097,81,2.413153594771242,9,0,5,0,0,3,0,0,0
95232,304,38.0,55417.0,38.38718082403212,-120.54595593913501,28127,26.245478723404254,22,1,4,0,1,1,0,0,65
95236,4223,39.0,81510.0,38.05857,-120.95537230769227,9869,8.095149572649573,1,1,2,0,0,0,0,0,9
95237,3167,397.0,44542.0,38.139722000000006,-121.15698,5,2.368,3,0,1,0,0,1,0,0,0
95240,47172,570.0,41172.0,38.18866545454545,-121.00136060606062,64,1.7787345679012345,8,0,1,0,0,0,0,0,0
95242,25393,264.0,65601.0,38.129068000000004,-121.42055200000004,5,21.029777777777777,2,0,2,0,0,1,0,0,0
95245,2277,33.0,62077.0,38.29404300000002,-120.62719900000005,872,24.650527777777786,1,0,0,1,0,0,0,0,8
95246,1615,31.0,47379.0,38.23756714285714,-120.51217238095239,562,18.28562169312169,8,0,4,0,0,0,0,0,9
95247,4368,105.0,47479.0,38.1842453027623,-120.38627328229059,28975,12.544948320413434,16,1,1,0,0,3,0,0,22
95249,4042,48.0,44038.0,38.190125555555554,-120.64125305555558,12896,14.705246913580254,1,0,4,0,0,2,0,0,29
95251,767,70.0,67171.0,38.10589729769635,-120.49718417693504,25173,8.829638157894738,35,2,5,1,0,3,0,0,30
95252,13460,110.0,65395.0,38.16151625,-120.86039650000002,9552,4.970631944444445,4,1,13,0,0,1,0,0,20
95255,2042,46.0,39308.0,38.43675866139846,-120.17160005507657,16898,12.36577932098766,15,0,1,0,0,0,0,0,19
95257,413,27.0,46111.0,38.3958225,-120.47903166666667,96,0.32868055555555553,3,0,0,0,0,1,0,0,0
95258,4018,1247.0,67386.0,38.207118862433866,-121.3743857407407,188,2.555493827160494,5,0,0,0,1,2,0,0,0
95301,37073,595.0,48103.0,37.343986,-120.59868839999996,2616,2.526044444444444,9,2,0,0,0,10,0,0,0
95304,15706,99.0,79029.0,37.690575,-121.388865,61,1.5834722222222224,2,0,0,0,0,1,0,0,0
95306,970,7.0,57679.0,37.424279999999996,-120.03716000000004,1,2.6669444444444443,0,0,1,0,0,0,0,0,0
95310,1882,48.0,48929.0,38.038052666666665,-120.39024533333328,1971,13.034592592592594,4,0,1,0,0,1,0,0,9
95311,2197,9.0,33649.0,37.73591333333334,-120.13434761904757,2382,8.32616402116402,2,1,5,0,0,1,0,0,12
95315,13018,713.0,46010.0,37.386495714285715,-120.72529285714282,149,2.7125,2,1,1,0,1,1,0,0,0
95317,817,15.0,34783.0,37.09843683823529,-120.5293795,19,2.169305555555556,5,0,0,0,0,2,0,0,0
95320,12819,145.0,55688.0,37.82100266666668,-120.98536866666664,863,2.900685185185186,6,4,1,1,0,2,0,0,0
95321,3736,21.0,47321.0,37.81670500000002,-120.09249625000007,429,28.66701388888889,0,0,2,0,0,0,0,0,6
95322,8942,51.0,35462.0,37.160450000000004,-120.98726750000002,8,2.001215277777778,5,0,0,0,0,2,0,0,0
95327,9806,62.0,43042.0,37.90129842623475,-120.46882669619082,20018,11.591972693032014,30,0,1,0,0,3,0,0,25
95329,2460,23.0,62371.0,37.687517857142836,-120.33376857142848,1986,18.678571428571423,5,0,1,0,0,0,0,0,8
95330,17853,830.0,60887.0,37.81699714285714,-121.33057428571429,2471,3.9740476190476186,6,3,2,0,0,3,0,0,0
95333,2942,25.0,40274.0,37.22893,-120.23454,1,1.1708333333333334,1,0,0,0,0,0,0,0,0
95334,15457,276.0,48462.0,37.35293,-120.81076,48,1.91625,0,0,0,0,0,2,0,0,0
95335,541,13.0,32951.0,38.18693067387076,-120.11019663671686,3560,29.503541666666667,0,0,0,0,0,0,0,0,4
95336,42675,1114.0,57317.0,37.81098060621118,-121.21236357763978,739,1.8205333333333338,15,0,5,0,0,5,0,0,0
95337,31557,693.0,64813.0,37.69047600000001,-121.26268044444447,122,2.8899382716049384,2,0,5,0,0,1,0,0,0
95338,11062,33.0,49780.0,37.48274000000001,-119.95942528846153,4476,1.8856770833333334,5,0,6,0,0,4,0,0,0
95340,33931,854.0,47779.0,37.329253333333334,-120.44172333333334,3,4.33425925925926,2,1,0,0,0,0,0,0,0
95341,32967,220.0,33046.0,37.28321711238017,-120.4714625444599,527,2.041899641577061,14,2,5,0,0,9,0,0,0
95345,708,22.0,41583.0,37.58354366013074,-119.90578431372533,1173,34.296913580246915,6,0,0,0,0,2,0,0,0
95346,1272,212.0,50983.0,38.08160285714287,-120.16084928571433,4460,18.17411706349206,8,0,0,0,0,2,0,0,18
95348,30805,648.0,40864.0,37.320138666666665,-120.486415,183,1.4160740740740738,13,1,0,0,0,15,0,0,0
95357,11559,300.0,55379.0,37.71698857142859,-120.81911428571433,34,3.8599603174603176,4,1,2,0,0,0,0,0,0
95358,31668,263.0,48183.0,37.534334,-121.13924399999992,5,5.006666666666667,0,1,0,0,0,0,0,0,0
95360,11712,35.0,42909.0,37.300081902608895,-121.03264573083048,2016,1.6059175084175086,47,3,2,1,0,10,0,0,0
95361,31610,136.0,60972.0,37.777041215880885,-120.7630777419355,75,3.063568376068377,6,2,3,0,0,2,0,0,0
95363,25237,214.0,53426.0,37.49312000000001,-121.3034,1,0.9986111111111112,0,0,0,0,0,0,0,0,1
95365,4985,329.0,32500.0,37.28480081632654,-120.29788710884354,130,2.948253968253969,3,0,0,0,0,4,0,0,0
95366,16575,482.0,71560.0,37.76664963414635,-121.12019018292685,12,3.7547916666666667,0,1,3,0,0,0,0,0,0
95367,23173,5055.0,57404.0,37.7526115,-120.89080725000001,39,1.6404444444444448,7,1,4,0,0,7,0,0,0
95369,1099,7.0,49500.0,37.56802250000001,-120.29932625000012,1888,19.937430555555554,2,0,0,1,0,1,0,0,4
95370,26803,260.0,48583.0,37.97636397879205,-120.3979001731542,31186,11.553152692569872,64,0,10,0,2,8,0,0,77
95372,1963,733.0,71250.0,37.987880817997976,-120.2844050727508,48591,15.242601410934748,11,0,3,0,0,3,0,0,46
95374,2030,44.0,37391.0,37.332165,-120.84777,2,1.0876388888888888,2,0,0,0,0,0,0,0,0
95376,49859,6530.0,63374.0,37.73709254545455,-121.43541036363636,79,2.0513425925925928,16,0,1,2,0,8,0,0,0
95377,30902,286.0,98072.0,37.65583470512821,-121.65263350427352,236,3.067518518518518,8,1,2,0,0,2,0,0,2
95379,3898,72.0,50081.0,37.86944562500002,-120.23333359375007,17168,14.955625000000005,12,4,15,1,0,0,0,0,32
95383,3937,50.0,50368.0,38.03724907725787,-120.23345714333341,33575,16.07555134680134,11,3,0,0,0,2,0,0,49
95385,429,17.0,38060.0,37.55244779761905,-121.29154285714279,106,7.955674603174605,1,0,0,0,1,1,0,0,4
95386,9877,116.0,52560.0,37.710839999999976,-120.67421999999986,213,8.836666666666666,0,1,0,0,0,0,0,0,0
95388,13074,337.0,40842.0,37.392525000000006,-120.62574500000001,6,2.1662037037037036,3,0,0,0,0,2,0,0,0
95391,9959,419.0,99764.0,37.767430000000004,-121.5422325,14,4.790694444444445,1,0,3,0,0,0,0,0,0
95401,36981,1793.0,52830.0,38.440682933049764,-122.76016646109011,7166,2.5220108695652175,33,2,1,0,0,6,0,0,3
95403,45164,2052.0,60394.0,38.51714441765498,-122.73232235990822,12480,20.927396825396823,11,0,8,1,0,2,0,0,48
95404,39761,497.0,66366.0,38.517373437500005,-122.62789718750004,1657,16.766527777777785,5,1,8,0,0,2,0,0,16
95405,21399,3907.0,71163.0,38.45228078479801,-122.6841811844035,73012,12.55564722222221,94,1,11,0,0,7,0,0,77
95407,39352,1735.0,53729.0,38.384814717974734,-122.75394271961301,3421,3.1072749042145587,38,4,5,0,0,7,0,0,3
95409,27187,708.0,66567.0,38.43942644570171,-122.61503601337091,13576,21.21660440613027,15,2,1,0,0,3,0,0,36
95410,950,24.0,31760.0,39.20887416666667,-123.71237083333334,115,2.3048842592592598,10,0,0,0,0,2,0,0,0
95412,401,5.0,51667.0,38.68986887871853,-123.34154627002282,1108,14.466418128654967,2,0,2,0,0,1,0,0,14
95415,1592,29.0,35871.0,39.03020813664596,-123.39654866459627,4506,5.228452380952381,9,0,2,0,0,0,0,0,3
95417,297,4.0,71321.0,39.678294277178985,-123.51130484755566,5813,4.090453703703705,23,0,3,0,0,1,0,0,3
95420,374,186.0,50074.0,39.39828402921964,-123.79193256540694,17353,3.1911471861471856,57,4,1,0,0,8,0,0,7
95421,1592,7.0,57917.0,38.57538250000001,-123.26895999999998,273,12.504097222222223,0,0,1,0,0,0,0,0,3
95422,15585,442.0,25460.0,38.957798559964935,-122.64961259621748,58957,15.444177517361123,71,0,1,0,0,5,0,0,49
95423,3747,36.0,28354.0,39.059940589410594,-122.59849666333675,670,16.21797008547009,10,0,0,0,0,0,0,0,3
95425,10841,53.0,57379.0,38.798805287029225,-123.00971900701994,38561,7.350923520923526,106,0,2,0,0,4,0,0,41
95427,459,7.0,26071.0,39.26625333333333,-123.58992666666667,24,2.0565740740740743,3,0,0,0,0,0,0,0,0
95429,70,2.0,52159.0,39.804393705882354,-123.24190438655465,4149,2.8574007936507937,12,0,0,0,0,0,0,0,2
95432,426,6.0,34044.0,39.12079799999997,-123.66608626086959,1915,8.304333333333332,2,0,1,0,0,0,0,0,2
95436,5418,236.0,47455.0,38.493672758620704,-122.91175137931033,5956,6.3118007662835245,11,1,8,0,0,1,0,0,8
95437,14799,151.0,41496.0,39.485484923076925,-123.76730161538461,117,2.000907407407408,28,0,1,0,0,0,0,0,0
95439,675,247.0,50139.0,38.47901489795919,-122.76845464285715,328,2.9267460317460317,4,1,1,0,0,1,0,0,0
95441,2014,20.0,60357.0,38.69393714285717,-123.02866714285717,306,22.548571428571428,1,1,1,0,0,0,0,0,4
95442,3178,130.0,57065.0,38.34379368763794,-122.50198809962744,29007,14.42756569069069,64,3,8,0,0,8,0,0,63
95443,233,56.0,31848.0,39.012207101495726,-122.74007990379533,6163,11.889179894179891,40,1,3,0,0,1,0,0,17
95444,748,2764.0,73092.0,38.42155096783626,-122.84840314035085,30410,4.798664717348927,31,1,1,0,0,3,0,0,19
95445,2093,24.0,37389.0,38.77385948428686,-123.52296429204554,4971,5.660648148148148,19,0,0,0,0,0,0,0,2
95446,4750,144.0,39258.0,38.53354852941177,-122.99368676470591,2401,6.731331699346407,10,1,9,0,0,3,0,0,11
95448,16852,89.0,61952.0,38.68601040214666,-122.89807993049632,13314,25.26718444444442,34,4,6,0,0,3,0,0,76
95449,1507,12.0,40563.0,38.94419264771461,-123.08258207915279,4222,17.03626780626782,21,0,2,0,0,0,0,0,16
95450,387,14.0,51250.0,38.52507831790125,-123.20334899691362,1024,10.817013888888887,1,0,2,0,0,0,0,0,5
95451,11213,117.0,47603.0,38.88593974446087,-122.74881461535774,16850,18.959805555555562,41,2,3,0,0,0,0,0,23
95452,1393,97.0,65223.0,38.421875789473674,-122.56176815789472,10898,24.53543859649123,9,0,2,0,0,0,0,0,27
95453,11256,134.0,43136.0,39.02883786502442,-122.90433447342431,40228,15.433668518518521,81,1,2,0,0,5,0,0,58
95454,2556,10.0,34755.0,39.81916666666668,-123.52375333333327,200,4.604074074074075,2,0,1,0,0,0,0,0,0
95456,795,79.0,38689.0,39.27385333333333,-123.76088666666665,311,1.3615509259259262,9,0,3,0,0,0,0,0,0
95457,2893,19.0,46277.0,38.88542000000004,-122.53136499999982,885,21.4175,1,0,0,0,0,0,0,0,1
95458,3104,63.0,25458.0,39.07638238095238,-122.78632809523808,3774,11.189616402116403,15,0,0,0,0,0,0,0,6
95459,504,8.0,42426.0,38.981654999999996,-123.67236333333334,102,2.4861342592592597,8,0,4,0,0,0,0,0,0
95461,3413,27.0,57726.0,38.76104661994543,-122.62895577846267,12727,18.486803350970018,30,0,5,0,0,0,0,0,28
95462,1417,241.0,37137.0,38.47575772709552,-123.02885820272904,12578,6.652690058479532,8,0,1,0,0,0,0,0,9
95464,2673,804.0,26336.0,39.11505341876187,-122.86666194967187,24713,24.32978632478633,22,0,0,0,0,0,0,0,30
95465,2083,50.0,76439.0,38.36507083444814,-123.06760722185064,4862,6.581727053140096,11,1,3,0,0,0,0,0,8
95467,5498,560.0,63281.0,38.783591067708336,-122.54592117187497,4167,7.885659722222228,34,2,0,0,0,2,0,0,10
95468,1258,19.0,44122.0,38.92620729365079,-123.67535961904757,953,4.6334027777777775,15,0,2,0,0,0,0,0,3
95469,1767,10.0,52902.0,39.35523700642057,-123.12190857945431,5938,23.812103174603177,1,0,0,0,0,1,0,0,12
95470,6032,73.0,62090.0,39.28269276022336,-123.23860727469683,3509,7.114453125000004,41,4,3,0,0,6,0,0,10
95472,28255,409.0,68223.0,38.39233345555556,-122.89435378888892,5914,3.301820987654321,26,1,1,1,0,4,0,0,11
95476,35394,316.0,58785.0,38.268423175289406,-122.46373612154845,23875,12.336919753086418,45,2,3,0,0,6,0,0,32
95482,31808,102.0,47698.0,39.14077116306236,-123.19222059705723,22783,12.732222222222227,37,1,2,1,0,2,0,0,29
95485,2557,24.0,29741.0,39.16963871836027,-122.91215402422793,6009,33.30071937321936,11,1,0,0,0,0,0,0,27
95488,280,3.0,53333.0,39.68014800000001,-123.72972000000001,6,2.068888888888889,5,0,0,0,0,0,0,0,0
95490,13264,34.0,38394.0,39.44867781567489,-123.37054032362298,6904,2.487945492662474,48,0,1,0,0,0,0,0,4
95492,28532,1499.0,80327.0,38.58315501294704,-122.82823557249033,19451,16.257114379084975,28,0,3,0,1,4,0,0,49
95493,198,44.0,55104.0,39.1776807142857,-123.00729392857147,1071,25.86423611111112,12,0,1,0,0,0,0,0,15
95494,139,1.0,47361.0,38.94950666666667,-123.2106277777778,22,1.815216049382716,8,0,0,0,0,1,0,0,0
95501,23976,3403.0,37600.0,40.79085115907855,-124.15377652360046,29959,3.1483398692810445,55,2,5,1,0,11,0,0,9
95503,24152,279.0,47537.0,40.73360230769231,-124.13492307692309,87,1.6036752136752135,13,0,0,0,0,0,0,0,0
95511,360,6.0,11955.0,40.18764742015775,-123.59419344671608,1720,12.109640522875818,6,0,2,0,0,0,0,0,9
95514,254,3.0,20625.0,40.34085,-123.70053,1,0.6666666666666666,1,0,0,0,0,0,0,0,0
95519,17432,307.0,48914.0,40.96973729993042,-124.08583358504183,7174,3.3830138888888883,83,3,2,1,0,4,0,0,6
95521,20199,378.0,34046.0,40.79720946524064,-124.08988737967914,500,2.89218954248366,14,1,0,0,0,1,0,0,1
95524,1787,171.0,62557.0,40.86926312695577,-124.05600806795286,89884,5.350536898839135,85,4,4,0,0,7,0,0,32
95525,1733,21.0,49934.0,40.99715504226854,-123.74171740567212,7428,8.569046546546547,25,0,1,0,0,0,0,0,10
95526,378,3.0,20083.0,40.45387498413624,-123.5491016614404,3449,5.931271043771042,20,0,0,0,0,1,0,0,12
95527,627,5.0,33167.0,40.78918499999999,-123.3965225,94,3.0010416666666666,3,0,1,0,0,0,0,0,0
95528,1139,11.0,41597.0,40.47146597128963,-123.81932349952653,1500,9.804128787878787,9,0,0,0,0,0,0,0,13
95536,2849,19.0,45188.0,40.5011957142857,-124.26710999999996,348,8.274126984126983,2,0,8,0,0,2,0,0,2
95540,13657,492.0,40751.0,40.59192190688259,-124.15696423457966,30018,11.677814327485379,14,0,0,0,0,3,0,0,21
95542,2533,13.0,43021.0,40.224585909090905,-123.8304654545454,1126,5.979949494949494,17,0,1,0,0,0,0,0,4
95546,3494,26.0,26786.0,41.21366277777776,-123.65479833333332,1275,7.666018518518517,13,1,0,0,0,0,0,0,4
95547,1222,162.0,58250.0,40.524326930707836,-124.10856600303644,11305,6.492169887278581,46,1,1,0,0,3,0,0,18
95550,128,1.0,65417.0,40.78397233065957,-123.8619392201427,297,17.113564814814815,1,0,0,0,0,0,0,0,5
95551,1739,41.0,45417.0,40.70491849033168,-124.20820150727616,13534,6.996794294294293,19,0,3,0,0,3,0,0,11
95552,697,1.0,31688.0,40.30112,-123.34828500000002,202,12.500833333333334,0,0,0,0,0,0,0,0,2
95554,533,11.0,31107.0,40.292088040271004,-123.82913199893392,5027,9.75232142857143,14,2,1,0,0,0,0,0,11
95555,410,5.0,32750.0,41.33607999999999,-124.0326757142857,15,2.620833333333333,7,0,0,0,0,0,0,0,0
95558,425,2.0,36538.0,40.26219229166665,-124.1948835416667,938,10.749027777777778,3,0,1,0,0,0,0,0,2
95560,1648,49.0,27635.0,40.11070679515775,-123.80907591061128,16151,9.783589743589737,17,0,3,0,0,4,0,0,15
95562,3450,140.0,42325.0,40.414120999999994,-124.089743,83,8.667527777777776,7,0,0,0,0,0,0,0,3
95564,462,139.0,48571.0,40.783793051567116,-124.1843331871018,55149,4.752177002583979,58,2,0,0,0,3,0,0,22
95565,1071,32.0,52853.0,40.47718961538462,-123.99778576923073,767,5.679935897435896,18,1,2,0,0,1,0,0,4
95569,361,6.0,37727.0,40.34564454545454,-123.92281863636362,412,6.115340909090907,17,0,1,0,0,0,0,0,4
95570,2579,109.0,47417.0,41.242658197979814,-124.07815104184712,1349,9.636005291005292,9,0,0,0,0,2,0,0,10
95573,1744,15.0,31530.0,40.930696156366274,-123.62765427736852,13116,7.039474358974359,41,0,4,0,0,3,0,0,15
95585,508,9.0,27083.0,39.88270846153846,-123.73713692307692,603,6.59098290598291,10,0,0,0,0,0,0,0,3
95587,201,15.0,112083.0,40.00601,-123.77571999999999,502,6.3597660818713475,13,2,0,0,0,0,0,0,4
95589,1612,9.0,50188.0,40.07730416666667,-123.97396000000003,964,12.487847222222227,6,0,0,0,0,0,0,0,6
95595,262,1.0,29318.0,40.04568999999999,-123.57913000000003,13,2.1666666666666665,1,0,0,0,0,0,0,0,0
95602,17509,355.0,64329.0,38.98736092574436,-121.10353055661292,44289,10.560009337068182,66,0,7,1,0,1,0,0,44
95603,27844,713.0,57779.0,38.90499985354453,-121.08828419952118,30506,12.573833774250446,66,1,3,0,0,7,0,0,45
95605,14179,3636.0,38791.0,38.58022522222221,-121.53490491111114,6246,2.9217277777777775,34,4,8,0,0,2,0,0,0
95606,196,5.0,178295.0,38.77065781135531,-122.17673279304027,967,7.584615384615388,18,0,2,0,0,1,0,0,5
95607,431,3.0,77697.0,38.7835187037037,-122.07870337962957,1389,14.126458333333334,4,0,0,0,0,0,0,0,2
95612,1239,22.0,58147.0,38.398848333333326,-121.62771166666666,146,7.337731481481481,8,2,0,1,0,1,0,0,0
95614,3833,108.0,92721.0,38.8933521721052,-120.9951292376063,13458,16.59790598290598,12,0,0,0,0,1,0,0,12
95615,834,36.0,74583.0,38.27093975000001,-121.55082625000003,571,3.189652777777778,7,0,0,0,0,1,0,0,0
95616,47032,1707.0,44741.0,38.55606924369748,-121.78958600840336,5249,3.0022222222222243,56,2,3,0,0,5,0,0,0
95618,27281,781.0,82313.0,38.55880724779036,-121.72589574126035,13506,2.569256272401434,51,2,1,0,0,5,0,0,0
95619,4842,806.0,57340.0,38.708886849769534,-120.81182511496026,123175,13.586510295260291,88,3,53,0,0,2,0,0,137
95620,20553,85.0,71261.0,38.425564242424244,-121.80766121212118,727,14.891464646464648,22,2,5,0,1,2,0,0,0
95623,3806,73.0,62321.0,38.61590448529411,-120.80696411004057,2165,8.333668582375479,14,0,7,0,0,1,0,0,7
95626,5975,257.0,58333.0,38.7429845138889,-121.4621109722222,48,4.670625,3,0,1,0,0,0,0,0,0
95627,3513,68.0,58092.0,38.700194584698025,-121.99337748617224,6440,7.50146825396825,26,5,0,0,0,1,0,0,9
95629,832,18.0,41181.0,38.52478057253751,-120.72609783310334,5495,16.685766129032256,31,1,2,0,0,3,0,0,25
95631,6076,40.0,62976.0,39.02861518770441,-120.82136184551032,11105,9.575647130647132,28,0,40,0,0,0,0,0,23
95633,3349,81.0,65603.0,38.87933557377048,-120.8214532459016,10947,11.412600182149369,35,1,4,0,0,1,0,0,20
95634,3232,40.0,56528.0,38.93359,-120.72968666666667,281,0.8348148148148148,6,0,0,0,0,0,0,0,0
95635,1262,62.0,43542.0,38.906450937500026,-120.88845718750001,3051,16.20356770833333,16,0,1,0,0,0,0,0,15
95636,1101,9.0,50000.0,38.637893333333345,-120.5288326666667,162,2.922240740740741,9,0,4,0,0,0,0,0,2
95637,370,18.0,72778.0,38.87324600000001,-122.22216399999994,321,10.60211111111111,2,0,1,0,0,0,0,0,2
95640,11353,98.0,58309.0,38.31901305010892,-120.93120624183011,8033,3.70037037037037,4,1,3,0,0,5,0,0,13
95641,1986,45.0,41618.0,38.14342353405267,-121.59593075066711,1485,2.4655982905982907,11,1,0,0,0,1,0,0,0
95642,7164,108.0,44811.0,38.34858235108631,-120.77372300066219,20554,10.674439964157706,26,1,4,0,0,2,0,0,29
95645,2037,16.0,44954.0,38.91707624888625,-121.76361971487972,91,3.8528174603174605,3,3,1,0,0,0,0,0,0
95648,47354,335.0,71713.0,38.91131671601769,-121.28055639319165,5570,9.889820987654321,21,0,4,1,1,3,0,0,14
95650,12447,505.0,79743.0,38.80825750980393,-121.15658243137258,4347,8.859660493827162,23,1,6,0,1,0,0,0,14
95651,637,55.0,55446.0,38.791973478260886,-120.90498057971016,4732,16.893248792270533,9,1,3,0,0,0,0,0,10
95658,6285,253.0,64821.0,38.89366437001594,-121.1552452950558,10195,13.53169191919192,35,2,2,0,0,2,0,0,25
95659,702,14.0,42109.0,38.83215406862745,-121.63471759803922,127,2.2353758169934643,12,0,1,0,0,4,0,0,0
95663,2377,298.0,125303.0,38.85021273437499,-121.17619453776045,19500,17.794817708333333,7,2,3,0,0,1,0,0,18
95664,1380,37.0,89141.0,38.82264400000001,-121.02648699999997,643,4.30975,16,0,2,0,0,0,0,0,2
95665,4426,218.0,46345.0,38.39489383295195,-120.64602082713829,43891,24.643038011695904,11,0,5,0,0,2,0,0,77
95666,5336,96.0,53391.0,38.51887090909092,-120.22121090909087,2994,2.7468055555555555,1,0,0,0,0,0,0,0,1
95667,36726,212.0,57468.0,38.75846963048795,-120.58748141104316,33070,8.875959845984603,50,1,3,0,0,5,0,0,41
95668,815,13.0,72422.0,38.84101,-121.51157222222221,14,2.539351851851852,6,0,2,1,0,0,0,0,0
95669,2443,28.0,67770.0,38.48101223814543,-120.87873897629083,17200,15.328999238964988,24,1,1,0,0,4,0,0,41
95672,4773,211.0,93209.0,38.70055737704917,-120.96717229508195,16538,12.43785063752277,22,4,8,0,0,4,0,0,21
95674,935,29.0,78929.0,38.91941540849675,-121.51896600490197,61,3.294583333333333,9,2,4,0,0,3,0,0,0
95677,23333,2635.0,68160.0,38.80454888318356,-121.2293780359435,1726,10.228728070175437,9,1,4,0,0,1,0,0,4
95678,41192,3792.0,60513.0,38.775582500000006,-121.25412750000001,74,0.6666666666666667,2,0,1,0,0,1,0,0,0
95681,1226,71.0,73229.0,39.013217558862735,-121.27776498924479,822,11.793144444444447,12,1,2,0,1,0,0,0,9
95682,29114,359.0,77718.0,38.637866021778585,-120.96458571687839,18046,13.89212643678161,4,0,11,0,0,0,0,0,14
95684,3422,24.0,53148.0,38.625626760563364,-120.64568661971842,10009,10.305892018779343,37,0,13,0,0,2,0,0,19
95685,4680,95.0,59239.0,38.39375769230769,-120.74349051282054,7527,18.08609330484331,25,0,3,0,0,1,0,0,49
95687,65096,1496.0,73583.0,38.40198130488488,-121.91816168233925,3160,3.106771604938271,38,3,0,1,0,1,0,0,2
95688,34379,423.0,79452.0,38.380471910426635,-121.9987283383485,29799,10.227478632478629,94,1,9,1,1,18,0,0,41
95689,1244,45.0,78352.0,38.46433053571428,-120.52569800595235,12403,21.900892857142864,10,1,0,0,0,1,0,0,30
95690,2533,44.0,61150.0,38.20781181818183,-121.52735606060607,1479,2.7729797979797977,8,0,1,0,0,2,0,0,0
95691,34737,837.0,63559.0,38.57081199999999,-121.60334399999999,17,1.9654444444444448,4,0,0,0,0,1,0,0,0
95692,4769,88.0,61627.0,39.00972181818182,-121.41709090909089,2177,2.5596969696969696,5,0,2,0,0,0,0,0,3
95694,9156,61.0,55163.0,38.54214464864638,-121.98002899465288,14582,9.284316578483239,31,3,2,0,0,2,0,0,24
95695,37946,267.0,51158.0,38.79683052174172,-121.8745888318641,450,4.43255376344086,27,1,0,0,0,3,0,0,0
95703,897,202.0,75217.0,39.02406696840026,-120.96295469737959,16737,10.924295634920636,46,0,11,0,0,1,0,0,26
95709,4772,214.0,68628.0,38.73896181440962,-120.67358815203606,52946,8.32328216374269,95,3,43,0,0,4,0,0,43
95713,9495,133.0,60025.0,39.047005,-120.7406825,41,0.08409722222222223,1,0,3,0,0,0,0,0,0
95720,157,1.0,55938.0,38.77830285714287,-120.24995357142859,4521,26.38355158730159,1,0,0,1,0,0,0,0,12
95722,4585,420.0,69231.0,39.012345014791066,-121.02874204115172,22139,10.243041062801941,56,2,17,0,0,4,0,0,36
95726,8842,119.0,55526.0,38.769502,-120.45543333333335,6071,16.924703703703706,5,0,2,0,0,1,0,0,7
95735,68,3.0,33750.0,38.803904999999986,-120.106405,1254,3.7516666666666665,2,0,0,0,0,0,0,0,0
95746,21460,1215.0,127736.0,38.76124820042986,-121.1641344693864,5987,10.307763157894742,22,0,0,0,0,4,0,0,12
95747,51870,1113.0,86595.0,38.84392000000001,-121.40301999999998,1,2.6644444444444444,0,0,0,0,0,1,0,0,0
95757,40222,665.0,84297.0,38.24068,-121.42834,1,0.0,1,0,0,0,0,0,0,0,0
95762,38797,940.0,119382.0,38.70199326485694,-121.06860833055426,12112,14.294865900383142,9,1,4,1,0,3,0,0,10
95765,33974,2742.0,84417.0,38.83171,-121.27204714285715,63,2.165,5,0,1,0,0,1,0,0,0
95776,21902,237.0,61599.0,38.68401687349171,-121.77489987377452,8663,3.5225213675213656,100,6,2,0,0,18,0,0,0
95811,7595,2727.0,36421.0,38.58603314465409,-121.51028559748426,14,10.390185185185183,1,1,1,0,0,0,0,0,0
95831,41321,5914.0,68461.0,38.53463100000001,-121.54083300000002,26,3.9342777777777775,7,0,1,0,0,2,0,0,0
95832,11924,1442.0,39735.0,38.408786513157885,-121.53283111842104,201,4.296631944444444,5,2,0,0,0,1,0,0,0
95837,315,17.0,42500.0,38.74106999999999,-121.59477,1,1.4952777777777777,1,0,0,0,0,0,0,0,0
95843,45048,6986.0,65779.0,38.749378571428565,-121.34156428571428,115,1.7375,4,1,0,0,0,2,0,0,0
95901,31314,159.0,40260.0,39.19405715856238,-121.51370142706128,4965,9.900656565656567,23,4,3,0,0,7,0,0,17
95903,1732,119.0,40000.0,39.085382,-121.38121000000012,611,24.900944444444445,1,0,0,0,0,0,0,0,4
95910,86,3.0,22000.0,39.56365857142862,-120.71425999999988,1819,18.23734126984127,3,0,0,0,0,0,0,0,4
95912,4685,26.0,53333.0,38.982141541936436,-122.02743075071737,3102,4.849873015873017,24,3,2,0,0,3,0,0,3
95914,578,39.0,45875.0,39.38747557120351,-121.40961179421666,6673,15.15084595959596,20,2,1,0,0,1,0,0,20
95916,1441,15.0,36875.0,39.66994469696969,-121.42404590909089,4813,10.741165824915834,32,0,3,1,0,0,0,0,21
95917,3155,46.0,43915.0,39.37959557600853,-121.66592655273229,2376,3.8625724637681147,12,1,3,0,1,6,0,0,0
95918,2339,34.0,76583.0,39.30226916666665,-121.3695383333333,3443,8.845516975308648,50,0,3,0,0,2,0,0,17
95919,1378,56.0,45914.0,39.45161090909091,-121.28788454545456,63,2.348661616161616,8,0,1,0,0,0,0,0,2
95920,274,4.0,66250.0,39.453709696969696,-121.94353272727275,19,3.0765404040404034,6,1,0,1,0,3,0,0,0
95922,687,11.0,24700.0,39.608606666666695,-120.99597888888889,1253,20.185709876543214,3,0,0,0,0,0,0,0,6
95923,58,6.0,45875.0,40.025481999999975,-121.22006200000007,169,12.397277777777777,1,0,3,1,0,0,0,0,0
95926,37725,4931.0,39216.0,39.75367527261608,-121.8617852323517,6428,4.1723462301587295,60,0,6,1,0,26,0,0,11
95928,36511,265.0,45224.0,39.71333153451216,-121.7967152800727,4519,7.375662393162394,17,0,5,0,0,4,0,0,11
95932,7718,62.0,50531.0,39.22763536887062,-122.01648137149661,896,4.481372222222222,32,7,4,0,0,7,0,0,0
95934,274,13.0,31250.0,40.06690272727273,-120.92398545454543,205,4.663813131313131,8,0,3,0,0,0,0,0,0
95935,631,27.0,56771.0,39.35571187499997,-121.18970249999994,9275,20.705486111111117,8,0,2,0,0,1,0,0,21
95938,3787,53.0,61849.0,39.623149833333336,-121.79451913526572,185,1.9761111111111112,7,1,3,0,0,4,0,0,0
95939,604,2.0,29861.0,39.603872970265236,-122.54781102055736,1689,13.347083333333332,10,0,0,0,1,0,0,0,3
95941,563,36.0,51417.0,39.576106906474806,-121.29979227697834,2091,28.748527777777774,1,0,2,0,0,0,0,0,17
95942,1301,23.0,41323.0,40.08330210526317,-121.53728684210525,1450,7.062236842105263,15,0,0,0,0,0,0,0,4
95943,879,14.0,48906.0,39.704143103448274,-122.09440120689655,186,3.5574137931034473,18,6,1,0,0,3,0,0,0
95945,25199,392.0,42828.0,39.20844653513736,-120.94580965121916,52590,9.314783116449785,216,3,17,0,0,2,0,0,95
95946,9790,234.0,60750.0,39.206072219844145,-121.2142404907691,36233,11.41735000000001,50,1,8,0,0,1,0,0,35
95947,1899,15.0,31687.0,40.21796235294117,-121.00723294117648,158,3.8627287581699354,5,1,9,0,0,2,0,0,0
95948,10810,139.0,44034.0,39.37056285714285,-121.84454214285711,80,2.642757936507936,8,2,2,0,0,0,0,0,0
95949,19741,141.0,62224.0,39.117906784307365,-121.07664346778995,30972,11.63416378814047,76,2,44,1,0,1,0,0,69
95953,10718,94.0,45414.0,39.27377499999999,-121.66603,68,4.017194444444444,5,1,4,0,0,0,0,0,0
95954,12251,172.0,39932.0,39.85819651983846,-121.57666494122965,34376,8.857192699946323,134,0,8,0,0,3,0,0,57
95957,761,11.0,56875.0,39.09117571428572,-121.89627142857141,27,1.1917460317460318,6,0,1,0,0,0,0,0,0
95959,17838,72.0,63132.0,39.40490138535325,-120.77827186421665,8200,17.974312865497076,19,0,1,0,0,1,0,0,17
95960,796,16.0,29773.0,39.385116986395516,-121.03654170803047,8055,15.631525764895322,34,0,9,0,0,0,0,0,26
95961,26510,579.0,46144.0,39.06326736842105,-121.5309563157895,3548,5.790935672514618,6,1,9,0,0,1,0,0,0
95962,1567,53.0,64671.0,39.35727636363635,-121.29334454545443,1419,14.228055555555557,6,1,0,0,0,1,0,0,3
95963,15493,51.0,41738.0,39.72640615303932,-122.2302305105422,169,4.399625603864735,12,1,0,0,0,5,0,0,2
95965,20384,64.0,36080.0,39.632894564072075,-121.56245585275232,12971,10.705656883298383,79,0,2,0,0,7,0,0,61
95966,30643,166.0,42555.0,39.50882875571782,-121.45017270539529,12864,11.536617161716169,57,4,3,0,0,1,0,0,36
95968,1412,912.0,46618.0,39.47030247868604,-121.53375314227655,42978,13.095314236111111,78,2,7,0,1,3,0,0,66
95969,27549,467.0,41179.0,39.749173869242156,-121.61670407091984,27421,9.083101985270579,219,2,5,1,0,3,0,0,113
95970,530,11.0,60658.0,39.43164137807377,-122.038171352459,2608,4.022951388888889,5,0,1,0,0,2,0,0,0
95971,5970,59.0,50912.0,39.904170124062915,-121.09289585709006,665,9.909999999999997,6,1,2,0,0,0,0,0,2
95973,31957,96.0,55426.0,39.87123609225954,-121.71582282842586,7868,12.762346096096094,37,0,3,0,0,1,0,0,33
95975,1769,189.0,49688.0,39.23299540012252,-121.0789737759157,169087,10.036128841607562,202,5,26,0,1,5,0,0,132
95977,1678,43.0,50820.0,39.215518571428575,-121.31908809523806,3084,14.151322751322752,11,0,0,0,0,0,0,0,10
95979,597,2.0,42167.0,39.32428863425926,-122.46642991402113,1444,11.548101851851852,16,0,2,0,0,1,0,0,5
95982,3221,73.0,63277.0,39.166170707070705,-121.86695562289562,273,4.365732323232323,6,0,1,0,0,2,0,0,0
95987,5992,18.0,53596.0,39.15635187178325,-122.19445637703876,2902,6.208466666666667,19,0,1,0,0,4,0,0,1
95988,8857,29.0,47184.0,39.53497395666484,-122.23820714239653,5235,5.757336182336182,24,1,1,0,1,5,0,0,6
95991,40593,997.0,42589.0,39.02127538181819,-121.60167190303031,15,2.0001111111111114,8,1,4,0,0,2,0,0,0
95993,36067,422.0,64011.0,39.12719018175919,-121.63222755274263,543,1.4875492264416315,51,2,3,0,1,17,0,0,0
96001,33865,385.0,47988.0,40.60072340013645,-122.50135068400351,5010,17.442783119658113,26,1,1,0,0,0,0,0,24
96002,33298,1101.0,44017.0,40.525560708101004,-122.34531683627718,8236,16.417821180555556,11,0,6,0,0,1,0,0,14
96003,44461,187.0,45722.0,40.69119032432433,-122.28019163963964,3971,5.609129129129126,51,1,9,0,0,1,0,0,11
96007,22841,176.0,38258.0,40.45479591474875,-122.28951976874781,38890,10.701699599083625,119,6,9,0,0,4,0,0,55
96008,1231,34.0,51500.0,40.68946499999999,-122.12274928571426,76,3.429503968253969,10,1,3,0,0,0,0,0,0
96013,4212,18.0,37629.0,41.021883333333335,-121.67061,2,0.3327777777777778,1,0,0,0,0,0,0,0,0
96016,366,9.0,58241.0,40.92389222222223,-121.57493888888888,19,1.5560802469135804,3,0,6,0,0,0,0,0,0
96019,10082,922.0,39111.0,40.6522119097124,-122.36176641860766,14145,17.804504629629637,26,0,2,0,0,0,0,0,31
96020,2416,60.0,43750.0,40.285745999999996,-121.19348399999998,6,1.4008333333333334,3,0,0,0,0,1,0,0,1
96021,16097,67.0,41099.0,39.88344948723158,-122.22625181422022,2140,11.929557057057057,18,1,5,1,0,2,0,0,9
96022,15768,65.0,53663.0,40.39025595553637,-122.36016222410527,20262,10.301050000000007,84,2,13,0,0,2,0,0,44
96028,1464,9.0,39212.0,41.095932222222224,-121.52157333333331,26,2.4637654320987648,2,1,5,0,0,1,0,0,0
96029,124,4.0,59000.0,39.890409999999974,-122.5369400000003,176,42.25152777777778,0,0,0,0,0,0,0,0,2
96033,432,3.0,29135.0,40.706356122316215,-122.6349235690468,1198,21.00055555555555,2,0,3,0,0,0,0,0,11
96035,3324,72.0,42150.0,40.115028975081245,-122.17341667405027,31738,10.373640167364005,144,5,8,0,0,11,0,0,70
96047,1004,5.0,28646.0,40.53209939849622,-122.5987753383459,366,11.572738095238092,4,0,0,0,0,1,0,0,2
96051,1139,4.0,46304.0,40.85944041005291,-122.35146940035273,3560,5.858086419753086,15,0,2,0,1,2,0,0,7
96056,1642,5.0,46184.0,40.938418,-121.17222000000001,12,2.0986111111111114,0,0,4,0,0,0,0,0,0
96059,688,9.0,46667.0,40.40108451725343,-121.8510990519345,2295,26.246959064327484,2,0,5,0,0,0,0,0,12
96061,36,1.0,69688.0,40.34846188455009,-121.58683033955857,2286,9.485483870967737,25,0,0,0,0,0,0,0,6
96062,1105,15.0,59271.0,40.538894358974375,-122.05717,547,3.4656054131054135,26,0,8,0,0,2,0,0,2
96065,357,4.0,35156.0,40.952543664215725,-121.93509259803915,589,25.917708333333337,8,0,4,0,0,0,0,0,12
96069,982,11.0,35813.0,40.736421177702304,-121.95441969415204,6208,10.201228395061724,40,0,25,0,0,3,0,0,22
96071,125,2.0,38516.0,40.580245454545455,-121.53402454545454,95,1.8022727272727268,8,0,2,0,0,1,0,0,0
96073,4082,92.0,79188.0,40.57409695125569,-122.23479205388047,14697,10.499673913043473,56,3,4,1,0,2,0,0,26
96075,369,5.0,19306.0,40.33419473684211,-121.84355947368424,529,4.184612573099418,28,0,7,0,0,1,0,0,2
96076,166,1.0,31316.0,40.36848918965524,-122.973189224138,370,38.103305555555565,2,0,0,0,0,0,0,0,8
96080,28764,47.0,39934.0,40.14936122244752,-122.30931860758871,20310,14.867652329749093,49,4,2,0,0,5,0,0,33
96088,4506,29.0,46045.0,40.50860003571098,-121.82680981184932,15041,8.074825174825182,65,2,46,0,0,3,0,0,27
96096,695,6.0,56250.0,40.65742111111112,-121.87606888888887,9,1.2764506172839505,6,0,3,0,0,0,0,0,0
96120,957,5.0,58611.0,38.49192,-120.04391,3,0.16972222222222222,1,0,0,0,0,0,0,0,0
96124,326,6.0,30893.0,39.60928749999991,-120.60462749999988,401,24.334375,2,0,0,0,0,0,0,0,2
96150,29792,241.0,46859.0,38.816930000000006,-120.07713999999996,1,1.3338888888888891,1,0,0,0,0,0,0,0,0
96161,18451,101.0,67750.0,39.3158643107089,-120.4125937224736,6592,24.789202279202275,15,0,2,0,0,0,0,0,22
